;             
CREATE USER IF NOT EXISTS SA SALT '5976b4c360c8711a' HASH '391cc9b971b0a7ed0de68681a5e8a879b638dd7a4402a1a2844ac49562ca4590' ADMIN;           
CREATE SEQUENCE PUBLIC.SYSTEM_SEQUENCE_037E7396_3FA3_4B35_9B3F_5C83C72D4B7F START WITH 289 BELONGS_TO_TABLE;  
CREATE SEQUENCE PUBLIC.SYSTEM_SEQUENCE_61532F00_0F04_40A0_8408_65719CBD0F10 START WITH 1121 BELONGS_TO_TABLE; 
CREATE SEQUENCE PUBLIC.SYSTEM_SEQUENCE_640CAF1F_85A9_4F59_86DD_B214241B6E30 START WITH 33 BELONGS_TO_TABLE;   
CREATE SEQUENCE PUBLIC.SYSTEM_SEQUENCE_CD8109B7_E333_4434_983F_C4CFA95D83C3 START WITH 65 BELONGS_TO_TABLE;   
CREATE SEQUENCE PUBLIC.SYSTEM_SEQUENCE_C924568C_6FAC_4F81_BD2E_F37A15247D14 START WITH 1 BELONGS_TO_TABLE;    
CREATE SEQUENCE PUBLIC.SYSTEM_SEQUENCE_4F8C2B39_5246_4A70_9985_B0BB461831EB START WITH 97 BELONGS_TO_TABLE;   
CREATE CACHED TABLE PUBLIC.CONTENT_STREAM(
    ID BIGINT DEFAULT (NEXT VALUE FOR PUBLIC.SYSTEM_SEQUENCE_C924568C_6FAC_4F81_BD2E_F37A15247D14) NOT NULL NULL_TO_DEFAULT SEQUENCE PUBLIC.SYSTEM_SEQUENCE_C924568C_6FAC_4F81_BD2E_F37A15247D14,
    CONTENT BLOB NOT NULL
);     
ALTER TABLE PUBLIC.CONTENT_STREAM ADD CONSTRAINT PUBLIC.CONSTRAINT_3 PRIMARY KEY(ID);         
-- 0 +/- SELECT COUNT(*) FROM PUBLIC.CONTENT_STREAM;          
CREATE CACHED TABLE PUBLIC.OBJECT_DATA(
    ID BIGINT DEFAULT (NEXT VALUE FOR PUBLIC.SYSTEM_SEQUENCE_037E7396_3FA3_4B35_9B3F_5C83C72D4B7F) NOT NULL NULL_TO_DEFAULT SEQUENCE PUBLIC.SYSTEM_SEQUENCE_037E7396_3FA3_4B35_9B3F_5C83C72D4B7F,
    OBJECTID VARCHAR(255) NOT NULL,
    OBJECT_TYPE_ID BIGINT NOT NULL,
    PARENT_ID BIGINT,
    CS_ID BIGINT
);   
ALTER TABLE PUBLIC.OBJECT_DATA ADD CONSTRAINT PUBLIC.CONSTRAINT_35 PRIMARY KEY(ID);           
-- 40 +/- SELECT COUNT(*) FROM PUBLIC.OBJECT_DATA;            
INSERT INTO PUBLIC.OBJECT_DATA(ID, OBJECTID, OBJECT_TYPE_ID, PARENT_ID, CS_ID) VALUES
(1, '3de44053-e545-450f-b81e-05f28f78f749', 2, NULL, NULL),
(2, '97fa9885-93c0-40f4-a8c9-6b7b20acef5f', 2, 1, NULL),
(65, 'c494551a-bd25-4d5d-968b-75bf15b35533', 8, 1, NULL),
(66, '211b50b0-195e-4e64-9bd3-d387a552096a', 8, 1, NULL),
(67, 'e2a182cb-64de-4264-a8f4-5207a3514d2a', 8, 1, NULL),
(68, '1ba01545-e61d-4614-b9d8-35a2dda59f9d', 8, 1, NULL),
(69, 'cb234c22-5cbf-43f2-9adb-ba52c9d118bc', 8, 1, NULL),
(70, '4525fe90-e5ee-4183-8411-a39523c080b2', 8, 1, NULL),
(71, '2882d26b-6fd3-48bb-8733-794301a01b2d', 8, 1, NULL),
(72, '22b63ca7-dc0f-4d62-ae40-16c83b9d9e87', 8, 1, NULL),
(73, '80182b5d-fc5c-4114-878d-45530ceb31bd', 8, 1, NULL),
(97, '76ffa65a-7a66-4f7f-921d-26d3977a3fa9', 8, 1, NULL),
(129, '2abf9fca-d8ba-44ae-93fc-7f201980b1de', 2, 2, NULL),
(130, '05bcf439-9278-448f-85ef-ba26987dc1e8', 2, 129, NULL),
(131, '63b2c6e0-2f1e-41e2-a511-ff29f4ce77bc', 7, 130, NULL),
(132, '772824b9-0d91-4e38-9706-fb30d5fde41f', 7, 130, NULL),
(133, 'fef144cc-3a2c-4e15-b98f-c89137bf3715', 7, 130, NULL),
(134, 'a6810286-93ba-4693-af4b-42d28e17aa13', 9, 130, NULL),
(135, '1c544481-3f19-466a-8062-8c8f6ed71304', 7, 130, NULL),
(136, '97e56233-b4cb-4e87-ad78-57c55a414992', 7, 130, NULL),
(137, 'a12d4a86-e871-4dbb-83e8-abdc5884def2', 7, 130, NULL),
(138, '01112c31-8e50-471c-9203-2236f704ed70', 7, 130, NULL),
(139, 'ddefcb45-a6a4-42c6-aad4-39eaf0cd5cad', 7, 130, NULL),
(140, 'e964a103-1b94-43d0-85f5-65d52cd91aeb', 7, 130, NULL),
(141, '107f4087-7f20-442b-8c78-d8e75dc71380', 9, 130, NULL),
(161, '54f43512-f45d-4e9a-bcfb-195c71ae2219', 9, 130, NULL),
(193, '35a752a4-426c-4f42-b39d-af6ebfe612b4', 7, 130, NULL),
(194, '25e367bc-3673-48a2-b6d8-0c1c5cef35d6', 7, 130, NULL),
(195, '4cd098a2-b50b-40eb-b477-e369aa81e84f', 9, 130, NULL),
(196, '23cb4242-1cfa-42cd-b03a-921205f07a08', 7, 130, NULL),
(197, '9f889ab7-17b6-4d8c-a0c5-cb1f9406258d', 7, 130, NULL),
(198, 'e38467ea-d78c-4ea2-90d7-8bb372d1986a', 7, 130, NULL),
(199, 'a134d2a8-0501-4b5b-853a-3b881bf1daaf', 9, 130, NULL),
(200, '36e5e340-4086-49a6-8bda-b965a4ae60d0', 7, 130, NULL),
(225, '0c46a902-4833-4935-a435-88026db25bb9', 2, 129, NULL),
(226, '0b4ac701-a35b-4e11-ae59-17bb96d8d876', 2, 225, NULL),
(227, 'f1c1cc36-d6b7-41f9-9eb8-20436e4844c7', 7, 226, NULL),
(257, '117aeb2a-a94e-4a97-aa2d-73bc182b3c8c', 2, 129, NULL),
(258, 'ca4e9da9-49fa-485e-980f-ddae40d22e29', 2, 257, NULL),
(259, '37c58226-fde4-47e3-8426-a5d477530fbc', 7, 258, NULL);      
CREATE INDEX PUBLIC.FK_OD_IDX_OBJECT_TYPE_ID ON PUBLIC.OBJECT_DATA(OBJECT_TYPE_ID);           
CREATE INDEX PUBLIC.FK_OD_IDX_CS_ID ON PUBLIC.OBJECT_DATA(CS_ID);             
CREATE INDEX PUBLIC.FK_OD_IDX_PARENT ON PUBLIC.OBJECT_DATA(PARENT_ID);        
CREATE CACHED TABLE PUBLIC.OBJECT_TYPE_DEFINITION(
    ID BIGINT DEFAULT (NEXT VALUE FOR PUBLIC.SYSTEM_SEQUENCE_640CAF1F_85A9_4F59_86DD_B214241B6E30) NOT NULL NULL_TO_DEFAULT SEQUENCE PUBLIC.SYSTEM_SEQUENCE_640CAF1F_85A9_4F59_86DD_B214241B6E30,
    BASETYPE VARCHAR(255) NOT NULL,
    CONTENTSTREAMALLOWED VARCHAR(255),
    CREATABLE BOOLEAN,
    DESCRIPTION VARCHAR(255),
    DISPLAYNAME VARCHAR(255),
    FILEABLE BOOLEAN,
    FULLTEXTINDEXED BOOLEAN,
    LOCALNAME VARCHAR(255),
    LOCALNAMESPACE VARCHAR(255),
    OBJECTID VARCHAR(255) NOT NULL,
    PARENT_ID BIGINT,
    QUERYNAME VARCHAR(255),
    QUERYABLE BOOLEAN,
    VERSIONABLE BOOLEAN
);    
ALTER TABLE PUBLIC.OBJECT_TYPE_DEFINITION ADD CONSTRAINT PUBLIC.CONSTRAINT_8 PRIMARY KEY(ID); 
-- 10 +/- SELECT COUNT(*) FROM PUBLIC.OBJECT_TYPE_DEFINITION; 
INSERT INTO PUBLIC.OBJECT_TYPE_DEFINITION(ID, BASETYPE, CONTENTSTREAMALLOWED, CREATABLE, DESCRIPTION, DISPLAYNAME, FILEABLE, FULLTEXTINDEXED, LOCALNAME, LOCALNAMESPACE, OBJECTID, PARENT_ID, QUERYNAME, QUERYABLE, VERSIONABLE) VALUES
(1, 'cmis:document', 'allowed', TRUE, NULL, 'Document Type', TRUE, TRUE, 'document', 'http://docs.oasis-open.org/ns/cmis/core/200908/', 'cmis:document', NULL, 'cmis:document', TRUE, FALSE),
(2, 'cmis:folder', 'notallowed', TRUE, NULL, 'Folder Type', TRUE, TRUE, 'folder', 'http://docs.oasis-open.org/ns/cmis/core/200908/', 'cmis:folder', NULL, 'cmis:folder', TRUE, NULL),
(3, 'cmis:relationship', 'notallowed', TRUE, NULL, 'Relationship Type', FALSE, FALSE, 'relationship', 'http://docs.oasis-open.org/ns/cmis/core/200908/', 'cmis:relationship', NULL, 'cmis:relationship', TRUE, NULL),
(4, 'cmis:policy', 'notallowed', TRUE, NULL, 'Policy Type', FALSE, FALSE, 'policy', 'http://docs.oasis-open.org/ns/cmis/core/200908/', 'cmis:policy', NULL, 'cmis:Policy', TRUE, NULL),
(5, 'cmis:document', 'allowed', TRUE, NULL, 'Backbase Custom Resource Bundle', TRUE, FALSE, 'Resource Bundle', 'http://docs.oasis-open.org/ns/cmis/core/200908/', 'bb:resourcebundle', 1, 'bb:resourcebundle', TRUE, FALSE),
(6, 'cmis:document', 'allowed', TRUE, NULL, 'Backbase Custom Resource Bundle Request', TRUE, FALSE, 'Resource Bundle Request', 'http://docs.oasis-open.org/ns/cmis/core/200908/', 'bb:resourcebundlerequest', 1, 'bb:resourcebundlerequest', TRUE, FALSE),
(7, 'cmis:document', 'allowed', TRUE, NULL, 'Backbase Custom Type Rich Text', TRUE, TRUE, 'RichText', 'http://docs.oasis-open.org/ns/cmis/core/200908/', 'bb:richtext', 1, 'bb:richtext', TRUE, TRUE),
(8, 'cmis:document', 'allowed', TRUE, NULL, 'Backbase Custom Type Image', TRUE, TRUE, 'image', 'http://docs.oasis-open.org/ns/cmis/core/200908/', 'bb:image', 1, 'bb:image', TRUE, TRUE),
(9, 'cmis:document', 'notallowed', TRUE, NULL, 'Backbase Custom Type Link', TRUE, TRUE, 'link', 'http://docs.oasis-open.org/ns/cmis/core/200908/', 'bb:link', 1, 'bb:link', TRUE, TRUE),
(10, 'cmis:document', 'allowed', TRUE, NULL, 'Backbase Custom Type Version History', TRUE, FALSE, 'VersionHistory', 'http://docs.oasis-open.org/ns/cmis/core/200908/', 'bb:versionhistory', 1, 'bb:versionhistory', TRUE, FALSE); 
CREATE INDEX PUBLIC.FK_OTD_IDX_PARENT ON PUBLIC.OBJECT_TYPE_DEFINITION(PARENT_ID);            
CREATE CACHED TABLE PUBLIC.PROPERTY_DATA(
    ID BIGINT DEFAULT (NEXT VALUE FOR PUBLIC.SYSTEM_SEQUENCE_61532F00_0F04_40A0_8408_65719CBD0F10) NOT NULL NULL_TO_DEFAULT SEQUENCE PUBLIC.SYSTEM_SEQUENCE_61532F00_0F04_40A0_8408_65719CBD0F10,
    DISPLAYNAME VARCHAR(255),
    LOCALNAME VARCHAR(255),
    OBJECT_DATA_ID BIGINT NOT NULL,
    OBJECTID VARCHAR(255) NOT NULL,
    PROPERTY_DEFINITION_ID BIGINT NOT NULL,
    QUERYNAME VARCHAR(255),
    VALUE VARCHAR(765)
);               
ALTER TABLE PUBLIC.PROPERTY_DATA ADD CONSTRAINT PUBLIC.CONSTRAINT_7 PRIMARY KEY(ID);          
-- 1016 +/- SELECT COUNT(*) FROM PUBLIC.PROPERTY_DATA;        
INSERT INTO PUBLIC.PROPERTY_DATA(ID, DISPLAYNAME, LOCALNAME, OBJECT_DATA_ID, OBJECTID, PROPERTY_DEFINITION_ID, QUERYNAME, VALUE) VALUES
(1, 'Last Modifed By', NULL, 1, 'cmis:lastModifiedBy', 30, 'cmis:lastModifiedBy', 'admin'),
(2, 'Object Type', NULL, 1, 'cmis:objectTypeId', 29, 'cmis:objectTypeId', 'cmis:folder'),
(3, 'Path', NULL, 1, 'cmis:path', 34, 'cmis:path', '/'),
(4, 'Created By', NULL, 1, 'cmis:createdBy', 37, 'cmis:createdBy', 'admin'),
(5, 'Name', NULL, 1, 'cmis:name', 32, 'cmis:name', '--ROOT--'),
(6, 'Object Id', NULL, 1, 'cmis:objectId', 28, 'cmis:objectId', '3de44053-e545-450f-b81e-05f28f78f749'),
(7, 'Creation Date', NULL, 1, 'cmis:creationDate', 33, 'cmis:creationDate', '2014-01-15 14:22:18 +0100'),
(8, 'Base Type', NULL, 1, 'cmis:baseTypeId', 31, 'cmis:baseTypeId', 'cmis:folder'),
(9, 'Parent Id', NULL, 1, 'cmis:parentId', 26, 'cmis:parentId', NULL),
(10, 'Last Modification Date', NULL, 1, 'cmis:lastModificationDate', 36, 'cmis:lastModificationDate', '2014-01-15 14:22:18 +0100'),
(11, 'Last Modifed By', NULL, 2, 'cmis:lastModifiedBy', 30, 'cmis:lastModifiedBy', 'admin'),
(12, 'Object Type', NULL, 2, 'cmis:objectTypeId', 29, 'cmis:objectTypeId', 'cmis:folder'),
(13, 'Path', NULL, 2, 'cmis:path', 34, 'cmis:path', '/Generated content'),
(14, 'Created By', NULL, 2, 'cmis:createdBy', 37, 'cmis:createdBy', 'admin'),
(15, 'Name', NULL, 2, 'cmis:name', 32, 'cmis:name', 'Generated content'),
(16, 'Object Id', NULL, 2, 'cmis:objectId', 28, 'cmis:objectId', '97fa9885-93c0-40f4-a8c9-6b7b20acef5f'),
(17, 'Creation Date', NULL, 2, 'cmis:creationDate', 33, 'cmis:creationDate', '2014-01-15 14:22:18 +0100'),
(18, 'Base Type', NULL, 2, 'cmis:baseTypeId', 31, 'cmis:baseTypeId', 'cmis:folder'),
(19, 'Parent Id', NULL, 2, 'cmis:parentId', 26, 'cmis:parentId', '3de44053-e545-450f-b81e-05f28f78f749'),
(20, 'Last Modification Date', NULL, 2, 'cmis:lastModificationDate', 36, 'cmis:lastModificationDate', '2014-01-15 14:22:18 +0100'),
(65, 'Alt Text', NULL, 65, 'bb:altText', 45, 'bb:altText', NULL),
(66, 'Content stream length', NULL, 65, 'cmis:contentStreamLength', 2, 'cmis:contentStreamLength', '28254'),
(67, 'Title', NULL, 65, 'bb:title', 46, 'bb:title', 'commercialbanking.png'),
(68, 'Object Type', NULL, 65, 'cmis:objectTypeId', 25, 'cmis:objectTypeId', 'bb:image'),
(69, 'Version series checked out by', NULL, 65, 'cmis:versionSeriesCheckedOutBy', 12, 'cmis:versionSeriesCheckedOutBy', NULL),
(70, 'Path', NULL, 65, 'cmis:path', 5, 'cmis:path', '/commercialbanking.png'),
(71, 'Version series checked out Id', NULL, 65, 'cmis:versionSeriesCheckedOutId', 15, 'cmis:versionSeriesCheckedOutId', NULL),
(72, 'Sub Title', NULL, 65, 'bb:subTitle', 47, 'bb:subTitle', NULL),
(73, 'Version series Id', NULL, 65, 'cmis:versionSeriesId', 3, 'cmis:versionSeriesId', '607a148a-d63a-44f1-bf2a-85cec14ec7e6'),
(74, 'Width', NULL, 65, 'bb:width', 43, 'bb:width', NULL),
(75, 'Version', NULL, 65, 'cmis:versionLabel', 21, 'cmis:versionLabel', '1.0'),
(76, 'Latest version', NULL, 65, 'cmis:isLatestVersion', 4, 'cmis:isLatestVersion', 'true'),
(77, 'Height', NULL, 65, 'bb:height', 48, 'bb:height', NULL),
(78, 'Version series checked out', NULL, 65, 'cmis:isVersionSeriesCheckedOut', 18, 'cmis:isVersionSeriesCheckedOut', NULL),
(79, 'Last Modifed By', NULL, 65, 'cmis:lastModifiedBy', 20, 'cmis:lastModifiedBy', 'admin'),
(80, 'Change Token', NULL, 65, 'cmis:changetoken', 22, 'cmis:changetoken', NULL),
(81, 'Created By', NULL, 65, 'cmis:createdBy', 11, 'cmis:createdBy', 'admin'),
(82, 'Latest major version', NULL, 65, 'cmis:isLatestMajorVersion', 8, 'cmis:isLatestMajorVersion', 'true'),
(83, 'Content stream id', NULL, 65, 'cmis:contentStreamId', 13, 'cmis:contentStreamId', NULL),
(84, 'Name', NULL, 65, 'cmis:name', 19, 'cmis:name', 'commercialbanking.png'),
(85, 'Content stream mime type', NULL, 65, 'cmis:contentStreamMimeType', 6, 'cmis:contentStreamMimeType', 'image/png'),
(86, 'Creation Date', NULL, 65, 'cmis:creationDate', 16, 'cmis:creationDate', '2014-01-17 13:27:17 +0100'),
(87, 'Checkin comment', NULL, 65, 'cmis:checkinComment', 10, 'cmis:checkinComment', NULL);   
INSERT INTO PUBLIC.PROPERTY_DATA(ID, DISPLAYNAME, LOCALNAME, OBJECT_DATA_ID, OBJECTID, PROPERTY_DEFINITION_ID, QUERYNAME, VALUE) VALUES
(88, 'Object Id', NULL, 65, 'cmis:objectId', 23, 'cmis:objectId', 'c494551a-bd25-4d5d-968b-75bf15b35533'),
(89, 'Description', NULL, 65, 'bb:description', 44, 'bb:description', NULL),
(90, 'Major version', NULL, 65, 'cmis:isMajorVersion', 17, 'cmis:isMajorVersion', 'true'),
(91, 'Immutable', NULL, 65, 'cmis:isImmutable', 14, 'cmis:isImmutable', NULL),
(92, 'Base Type', NULL, 65, 'cmis:baseTypeId', 1, 'cmis:baseTypeId', 'cmis:document'),
(93, 'Tag', NULL, 65, 'bb:tag', 49, 'bb:tag', NULL),
(94, 'Content stream file name', NULL, 65, 'cmis:contentStreamFileName', 24, 'cmis:contentStreamFileName', 'commercialbanking.png'),
(95, 'Parent Id', NULL, 65, 'cmis:parentId', 7, 'cmis:parentId', '3de44053-e545-450f-b81e-05f28f78f749'),
(96, 'Last Modification Date', NULL, 65, 'cmis:lastModificationDate', 9, 'cmis:lastModificationDate', '2014-01-17 13:27:17 +0100'),
(97, 'Alt Text', NULL, 66, 'bb:altText', 45, 'bb:altText', NULL),
(98, 'Content stream length', NULL, 66, 'cmis:contentStreamLength', 2, 'cmis:contentStreamLength', '45693'),
(99, 'Version series checked out by', NULL, 66, 'cmis:versionSeriesCheckedOutBy', 12, 'cmis:versionSeriesCheckedOutBy', NULL),
(100, 'Object Type', NULL, 66, 'cmis:objectTypeId', 25, 'cmis:objectTypeId', 'bb:image'),
(101, 'Title', NULL, 66, 'bb:title', 46, 'bb:title', 'globalbanking.png'),
(102, 'Path', NULL, 66, 'cmis:path', 5, 'cmis:path', '/globalbanking.png'),
(103, 'Version series checked out Id', NULL, 66, 'cmis:versionSeriesCheckedOutId', 15, 'cmis:versionSeriesCheckedOutId', NULL),
(104, 'Sub Title', NULL, 66, 'bb:subTitle', 47, 'bb:subTitle', NULL),
(105, 'Version series Id', NULL, 66, 'cmis:versionSeriesId', 3, 'cmis:versionSeriesId', 'e49e004e-4dfe-4da9-ab1e-d922cccc1b24'),
(106, 'Width', NULL, 66, 'bb:width', 43, 'bb:width', NULL),
(107, 'Latest version', NULL, 66, 'cmis:isLatestVersion', 4, 'cmis:isLatestVersion', 'true'),
(108, 'Height', NULL, 66, 'bb:height', 48, 'bb:height', NULL),
(109, 'Version', NULL, 66, 'cmis:versionLabel', 21, 'cmis:versionLabel', '1.0'),
(110, 'Version series checked out', NULL, 66, 'cmis:isVersionSeriesCheckedOut', 18, 'cmis:isVersionSeriesCheckedOut', NULL),
(111, 'Last Modifed By', NULL, 66, 'cmis:lastModifiedBy', 20, 'cmis:lastModifiedBy', 'admin'),
(112, 'Change Token', NULL, 66, 'cmis:changetoken', 22, 'cmis:changetoken', NULL),
(113, 'Created By', NULL, 66, 'cmis:createdBy', 11, 'cmis:createdBy', 'admin'),
(114, 'Latest major version', NULL, 66, 'cmis:isLatestMajorVersion', 8, 'cmis:isLatestMajorVersion', 'true'),
(115, 'Content stream id', NULL, 66, 'cmis:contentStreamId', 13, 'cmis:contentStreamId', NULL),
(116, 'Name', NULL, 66, 'cmis:name', 19, 'cmis:name', 'globalbanking.png'),
(117, 'Content stream mime type', NULL, 66, 'cmis:contentStreamMimeType', 6, 'cmis:contentStreamMimeType', 'image/png'),
(118, 'Creation Date', NULL, 66, 'cmis:creationDate', 16, 'cmis:creationDate', '2014-01-17 13:27:23 +0100'),
(119, 'Checkin comment', NULL, 66, 'cmis:checkinComment', 10, 'cmis:checkinComment', NULL),
(120, 'Object Id', NULL, 66, 'cmis:objectId', 23, 'cmis:objectId', '211b50b0-195e-4e64-9bd3-d387a552096a'),
(121, 'Description', NULL, 66, 'bb:description', 44, 'bb:description', NULL),
(122, 'Immutable', NULL, 66, 'cmis:isImmutable', 14, 'cmis:isImmutable', NULL),
(123, 'Major version', NULL, 66, 'cmis:isMajorVersion', 17, 'cmis:isMajorVersion', 'true'),
(124, 'Base Type', NULL, 66, 'cmis:baseTypeId', 1, 'cmis:baseTypeId', 'cmis:document'),
(125, 'Tag', NULL, 66, 'bb:tag', 49, 'bb:tag', NULL),
(126, 'Last Modification Date', NULL, 66, 'cmis:lastModificationDate', 9, 'cmis:lastModificationDate', '2014-01-17 13:27:23 +0100'),
(127, 'Parent Id', NULL, 66, 'cmis:parentId', 7, 'cmis:parentId', '3de44053-e545-450f-b81e-05f28f78f749'),
(128, 'Content stream file name', NULL, 66, 'cmis:contentStreamFileName', 24, 'cmis:contentStreamFileName', 'globalbanking.png'),
(129, 'Alt Text', NULL, 67, 'bb:altText', 45, 'bb:altText', NULL),
(130, 'Content stream length', NULL, 67, 'cmis:contentStreamLength', 2, 'cmis:contentStreamLength', '33636');    
INSERT INTO PUBLIC.PROPERTY_DATA(ID, DISPLAYNAME, LOCALNAME, OBJECT_DATA_ID, OBJECTID, PROPERTY_DEFINITION_ID, QUERYNAME, VALUE) VALUES
(131, 'Title', NULL, 67, 'bb:title', 46, 'bb:title', 'personalbanking.png'),
(132, 'Path', NULL, 67, 'cmis:path', 5, 'cmis:path', '/personalbanking.png'),
(133, 'Object Type', NULL, 67, 'cmis:objectTypeId', 25, 'cmis:objectTypeId', 'bb:image'),
(134, 'Version series checked out by', NULL, 67, 'cmis:versionSeriesCheckedOutBy', 12, 'cmis:versionSeriesCheckedOutBy', NULL),
(135, 'Version series checked out Id', NULL, 67, 'cmis:versionSeriesCheckedOutId', 15, 'cmis:versionSeriesCheckedOutId', NULL),
(136, 'Sub Title', NULL, 67, 'bb:subTitle', 47, 'bb:subTitle', NULL),
(137, 'Version series Id', NULL, 67, 'cmis:versionSeriesId', 3, 'cmis:versionSeriesId', '47a2b7c4-1f13-4b1e-b1ef-cb05390acb4e'),
(138, 'Width', NULL, 67, 'bb:width', 43, 'bb:width', NULL),
(139, 'Height', NULL, 67, 'bb:height', 48, 'bb:height', NULL),
(140, 'Latest version', NULL, 67, 'cmis:isLatestVersion', 4, 'cmis:isLatestVersion', 'true'),
(141, 'Version', NULL, 67, 'cmis:versionLabel', 21, 'cmis:versionLabel', '1.0'),
(142, 'Version series checked out', NULL, 67, 'cmis:isVersionSeriesCheckedOut', 18, 'cmis:isVersionSeriesCheckedOut', NULL),
(143, 'Last Modifed By', NULL, 67, 'cmis:lastModifiedBy', 20, 'cmis:lastModifiedBy', 'admin'),
(144, 'Change Token', NULL, 67, 'cmis:changetoken', 22, 'cmis:changetoken', NULL),
(145, 'Created By', NULL, 67, 'cmis:createdBy', 11, 'cmis:createdBy', 'admin'),
(146, 'Latest major version', NULL, 67, 'cmis:isLatestMajorVersion', 8, 'cmis:isLatestMajorVersion', 'true'),
(147, 'Content stream id', NULL, 67, 'cmis:contentStreamId', 13, 'cmis:contentStreamId', NULL),
(148, 'Name', NULL, 67, 'cmis:name', 19, 'cmis:name', 'personalbanking.png'),
(149, 'Content stream mime type', NULL, 67, 'cmis:contentStreamMimeType', 6, 'cmis:contentStreamMimeType', 'image/png'),
(150, 'Creation Date', NULL, 67, 'cmis:creationDate', 16, 'cmis:creationDate', '2014-01-17 13:27:25 +0100'),
(151, 'Checkin comment', NULL, 67, 'cmis:checkinComment', 10, 'cmis:checkinComment', NULL),
(152, 'Description', NULL, 67, 'bb:description', 44, 'bb:description', NULL),
(153, 'Object Id', NULL, 67, 'cmis:objectId', 23, 'cmis:objectId', 'e2a182cb-64de-4264-a8f4-5207a3514d2a'),
(154, 'Immutable', NULL, 67, 'cmis:isImmutable', 14, 'cmis:isImmutable', NULL),
(155, 'Major version', NULL, 67, 'cmis:isMajorVersion', 17, 'cmis:isMajorVersion', 'true'),
(156, 'Base Type', NULL, 67, 'cmis:baseTypeId', 1, 'cmis:baseTypeId', 'cmis:document'),
(157, 'Tag', NULL, 67, 'bb:tag', 49, 'bb:tag', NULL),
(158, 'Parent Id', NULL, 67, 'cmis:parentId', 7, 'cmis:parentId', '3de44053-e545-450f-b81e-05f28f78f749'),
(159, 'Content stream file name', NULL, 67, 'cmis:contentStreamFileName', 24, 'cmis:contentStreamFileName', 'personalbanking.png'),
(160, 'Last Modification Date', NULL, 67, 'cmis:lastModificationDate', 9, 'cmis:lastModificationDate', '2014-01-17 13:27:25 +0100'),
(161, 'Alt Text', NULL, 68, 'bb:altText', 45, 'bb:altText', NULL),
(162, 'Content stream length', NULL, 68, 'cmis:contentStreamLength', 2, 'cmis:contentStreamLength', '19797'),
(163, 'Version series checked out by', NULL, 68, 'cmis:versionSeriesCheckedOutBy', 12, 'cmis:versionSeriesCheckedOutBy', NULL),
(164, 'Object Type', NULL, 68, 'cmis:objectTypeId', 25, 'cmis:objectTypeId', 'bb:image'),
(165, 'Path', NULL, 68, 'cmis:path', 5, 'cmis:path', '/premierbanking.png'),
(166, 'Title', NULL, 68, 'bb:title', 46, 'bb:title', 'premierbanking.png'),
(167, 'Version series checked out Id', NULL, 68, 'cmis:versionSeriesCheckedOutId', 15, 'cmis:versionSeriesCheckedOutId', NULL),
(168, 'Sub Title', NULL, 68, 'bb:subTitle', 47, 'bb:subTitle', NULL),
(169, 'Version series Id', NULL, 68, 'cmis:versionSeriesId', 3, 'cmis:versionSeriesId', '65abcb51-9c95-4733-9467-09a21e4006e8'),
(170, 'Width', NULL, 68, 'bb:width', 43, 'bb:width', NULL),
(171, 'Version', NULL, 68, 'cmis:versionLabel', 21, 'cmis:versionLabel', '1.0'),
(172, 'Height', NULL, 68, 'bb:height', 48, 'bb:height', NULL),
(173, 'Latest version', NULL, 68, 'cmis:isLatestVersion', 4, 'cmis:isLatestVersion', 'true');       
INSERT INTO PUBLIC.PROPERTY_DATA(ID, DISPLAYNAME, LOCALNAME, OBJECT_DATA_ID, OBJECTID, PROPERTY_DEFINITION_ID, QUERYNAME, VALUE) VALUES
(174, 'Version series checked out', NULL, 68, 'cmis:isVersionSeriesCheckedOut', 18, 'cmis:isVersionSeriesCheckedOut', NULL),
(175, 'Last Modifed By', NULL, 68, 'cmis:lastModifiedBy', 20, 'cmis:lastModifiedBy', 'admin'),
(176, 'Change Token', NULL, 68, 'cmis:changetoken', 22, 'cmis:changetoken', NULL),
(177, 'Created By', NULL, 68, 'cmis:createdBy', 11, 'cmis:createdBy', 'admin'),
(178, 'Latest major version', NULL, 68, 'cmis:isLatestMajorVersion', 8, 'cmis:isLatestMajorVersion', 'true'),
(179, 'Content stream id', NULL, 68, 'cmis:contentStreamId', 13, 'cmis:contentStreamId', NULL),
(180, 'Name', NULL, 68, 'cmis:name', 19, 'cmis:name', 'premierbanking.png'),
(181, 'Content stream mime type', NULL, 68, 'cmis:contentStreamMimeType', 6, 'cmis:contentStreamMimeType', 'image/png'),
(182, 'Creation Date', NULL, 68, 'cmis:creationDate', 16, 'cmis:creationDate', '2014-01-17 13:27:26 +0100'),
(183, 'Checkin comment', NULL, 68, 'cmis:checkinComment', 10, 'cmis:checkinComment', NULL),
(184, 'Object Id', NULL, 68, 'cmis:objectId', 23, 'cmis:objectId', '1ba01545-e61d-4614-b9d8-35a2dda59f9d'),
(185, 'Description', NULL, 68, 'bb:description', 44, 'bb:description', NULL),
(186, 'Immutable', NULL, 68, 'cmis:isImmutable', 14, 'cmis:isImmutable', NULL),
(187, 'Major version', NULL, 68, 'cmis:isMajorVersion', 17, 'cmis:isMajorVersion', 'true'),
(188, 'Base Type', NULL, 68, 'cmis:baseTypeId', 1, 'cmis:baseTypeId', 'cmis:document'),
(189, 'Tag', NULL, 68, 'bb:tag', 49, 'bb:tag', NULL),
(190, 'Content stream file name', NULL, 68, 'cmis:contentStreamFileName', 24, 'cmis:contentStreamFileName', 'premierbanking.png'),
(191, 'Last Modification Date', NULL, 68, 'cmis:lastModificationDate', 9, 'cmis:lastModificationDate', '2014-01-17 13:27:26 +0100'),
(192, 'Parent Id', NULL, 68, 'cmis:parentId', 7, 'cmis:parentId', '3de44053-e545-450f-b81e-05f28f78f749'),
(193, 'Alt Text', NULL, 69, 'bb:altText', 45, 'bb:altText', NULL),
(194, 'Content stream length', NULL, 69, 'cmis:contentStreamLength', 2, 'cmis:contentStreamLength', '28747'),
(195, 'Path', NULL, 69, 'cmis:path', 5, 'cmis:path', '/privatebanking.png'),
(196, 'Object Type', NULL, 69, 'cmis:objectTypeId', 25, 'cmis:objectTypeId', 'bb:image'),
(197, 'Title', NULL, 69, 'bb:title', 46, 'bb:title', 'privatebanking.png'),
(198, 'Version series checked out by', NULL, 69, 'cmis:versionSeriesCheckedOutBy', 12, 'cmis:versionSeriesCheckedOutBy', NULL),
(199, 'Version series checked out Id', NULL, 69, 'cmis:versionSeriesCheckedOutId', 15, 'cmis:versionSeriesCheckedOutId', NULL),
(200, 'Sub Title', NULL, 69, 'bb:subTitle', 47, 'bb:subTitle', NULL),
(201, 'Version series Id', NULL, 69, 'cmis:versionSeriesId', 3, 'cmis:versionSeriesId', 'b6ab8041-2cad-4322-9cc1-021c34053eee'),
(202, 'Width', NULL, 69, 'bb:width', 43, 'bb:width', NULL),
(203, 'Version', NULL, 69, 'cmis:versionLabel', 21, 'cmis:versionLabel', '1.0'),
(204, 'Height', NULL, 69, 'bb:height', 48, 'bb:height', NULL),
(205, 'Latest version', NULL, 69, 'cmis:isLatestVersion', 4, 'cmis:isLatestVersion', 'true'),
(206, 'Version series checked out', NULL, 69, 'cmis:isVersionSeriesCheckedOut', 18, 'cmis:isVersionSeriesCheckedOut', NULL),
(207, 'Last Modifed By', NULL, 69, 'cmis:lastModifiedBy', 20, 'cmis:lastModifiedBy', 'admin'),
(208, 'Change Token', NULL, 69, 'cmis:changetoken', 22, 'cmis:changetoken', NULL),
(209, 'Created By', NULL, 69, 'cmis:createdBy', 11, 'cmis:createdBy', 'admin'),
(210, 'Latest major version', NULL, 69, 'cmis:isLatestMajorVersion', 8, 'cmis:isLatestMajorVersion', 'true'),
(211, 'Content stream id', NULL, 69, 'cmis:contentStreamId', 13, 'cmis:contentStreamId', NULL),
(212, 'Name', NULL, 69, 'cmis:name', 19, 'cmis:name', 'privatebanking.png'),
(213, 'Content stream mime type', NULL, 69, 'cmis:contentStreamMimeType', 6, 'cmis:contentStreamMimeType', 'image/png'),
(214, 'Creation Date', NULL, 69, 'cmis:creationDate', 16, 'cmis:creationDate', '2014-01-17 13:27:28 +0100'),
(215, 'Checkin comment', NULL, 69, 'cmis:checkinComment', 10, 'cmis:checkinComment', NULL);   
INSERT INTO PUBLIC.PROPERTY_DATA(ID, DISPLAYNAME, LOCALNAME, OBJECT_DATA_ID, OBJECTID, PROPERTY_DEFINITION_ID, QUERYNAME, VALUE) VALUES
(216, 'Description', NULL, 69, 'bb:description', 44, 'bb:description', NULL),
(217, 'Object Id', NULL, 69, 'cmis:objectId', 23, 'cmis:objectId', 'cb234c22-5cbf-43f2-9adb-ba52c9d118bc'),
(218, 'Immutable', NULL, 69, 'cmis:isImmutable', 14, 'cmis:isImmutable', NULL),
(219, 'Major version', NULL, 69, 'cmis:isMajorVersion', 17, 'cmis:isMajorVersion', 'true'),
(220, 'Base Type', NULL, 69, 'cmis:baseTypeId', 1, 'cmis:baseTypeId', 'cmis:document'),
(221, 'Tag', NULL, 69, 'bb:tag', 49, 'bb:tag', NULL),
(222, 'Content stream file name', NULL, 69, 'cmis:contentStreamFileName', 24, 'cmis:contentStreamFileName', 'privatebanking.png'),
(223, 'Parent Id', NULL, 69, 'cmis:parentId', 7, 'cmis:parentId', '3de44053-e545-450f-b81e-05f28f78f749'),
(224, 'Last Modification Date', NULL, 69, 'cmis:lastModificationDate', 9, 'cmis:lastModificationDate', '2014-01-17 13:27:28 +0100'),
(225, 'Content stream length', NULL, 70, 'cmis:contentStreamLength', 2, 'cmis:contentStreamLength', '151687'),
(226, 'Alt Text', NULL, 70, 'bb:altText', 45, 'bb:altText', NULL),
(227, 'Path', NULL, 70, 'cmis:path', 5, 'cmis:path', '/slide_1_car.jpg'),
(228, 'Title', NULL, 70, 'bb:title', 46, 'bb:title', 'slide_1_car.jpg'),
(229, 'Version series checked out by', NULL, 70, 'cmis:versionSeriesCheckedOutBy', 12, 'cmis:versionSeriesCheckedOutBy', NULL),
(230, 'Object Type', NULL, 70, 'cmis:objectTypeId', 25, 'cmis:objectTypeId', 'bb:image'),
(231, 'Version series checked out Id', NULL, 70, 'cmis:versionSeriesCheckedOutId', 15, 'cmis:versionSeriesCheckedOutId', NULL),
(232, 'Sub Title', NULL, 70, 'bb:subTitle', 47, 'bb:subTitle', NULL),
(233, 'Version series Id', NULL, 70, 'cmis:versionSeriesId', 3, 'cmis:versionSeriesId', 'f05143c5-3004-41b3-ac2c-a8c94bde430e'),
(234, 'Width', NULL, 70, 'bb:width', 43, 'bb:width', NULL),
(235, 'Version', NULL, 70, 'cmis:versionLabel', 21, 'cmis:versionLabel', '1.0'),
(236, 'Height', NULL, 70, 'bb:height', 48, 'bb:height', NULL),
(237, 'Latest version', NULL, 70, 'cmis:isLatestVersion', 4, 'cmis:isLatestVersion', 'true'),
(238, 'Version series checked out', NULL, 70, 'cmis:isVersionSeriesCheckedOut', 18, 'cmis:isVersionSeriesCheckedOut', NULL),
(239, 'Last Modifed By', NULL, 70, 'cmis:lastModifiedBy', 20, 'cmis:lastModifiedBy', 'admin'),
(240, 'Change Token', NULL, 70, 'cmis:changetoken', 22, 'cmis:changetoken', NULL),
(241, 'Created By', NULL, 70, 'cmis:createdBy', 11, 'cmis:createdBy', 'admin'),
(242, 'Latest major version', NULL, 70, 'cmis:isLatestMajorVersion', 8, 'cmis:isLatestMajorVersion', 'true'),
(243, 'Content stream id', NULL, 70, 'cmis:contentStreamId', 13, 'cmis:contentStreamId', NULL),
(244, 'Name', NULL, 70, 'cmis:name', 19, 'cmis:name', 'slide_1_car.jpg'),
(245, 'Content stream mime type', NULL, 70, 'cmis:contentStreamMimeType', 6, 'cmis:contentStreamMimeType', 'image/jpeg'),
(246, 'Creation Date', NULL, 70, 'cmis:creationDate', 16, 'cmis:creationDate', '2014-01-17 13:27:29 +0100'),
(247, 'Checkin comment', NULL, 70, 'cmis:checkinComment', 10, 'cmis:checkinComment', NULL),
(248, 'Object Id', NULL, 70, 'cmis:objectId', 23, 'cmis:objectId', '4525fe90-e5ee-4183-8411-a39523c080b2'),
(249, 'Description', NULL, 70, 'bb:description', 44, 'bb:description', NULL),
(250, 'Major version', NULL, 70, 'cmis:isMajorVersion', 17, 'cmis:isMajorVersion', 'true'),
(251, 'Immutable', NULL, 70, 'cmis:isImmutable', 14, 'cmis:isImmutable', NULL),
(252, 'Base Type', NULL, 70, 'cmis:baseTypeId', 1, 'cmis:baseTypeId', 'cmis:document'),
(253, 'Tag', NULL, 70, 'bb:tag', 49, 'bb:tag', NULL),
(254, 'Parent Id', NULL, 70, 'cmis:parentId', 7, 'cmis:parentId', '3de44053-e545-450f-b81e-05f28f78f749'),
(255, 'Last Modification Date', NULL, 70, 'cmis:lastModificationDate', 9, 'cmis:lastModificationDate', '2014-01-17 13:27:29 +0100'),
(256, 'Content stream file name', NULL, 70, 'cmis:contentStreamFileName', 24, 'cmis:contentStreamFileName', 'slide_1_car.jpg'),
(257, 'Alt Text', NULL, 71, 'bb:altText', 45, 'bb:altText', NULL),
(258, 'Content stream length', NULL, 71, 'cmis:contentStreamLength', 2, 'cmis:contentStreamLength', '44202'); 
INSERT INTO PUBLIC.PROPERTY_DATA(ID, DISPLAYNAME, LOCALNAME, OBJECT_DATA_ID, OBJECTID, PROPERTY_DEFINITION_ID, QUERYNAME, VALUE) VALUES
(259, 'Path', NULL, 71, 'cmis:path', 5, 'cmis:path', '/slide_car.jpg'),
(260, 'Title', NULL, 71, 'bb:title', 46, 'bb:title', 'slide_car.jpg'),
(261, 'Version series checked out by', NULL, 71, 'cmis:versionSeriesCheckedOutBy', 12, 'cmis:versionSeriesCheckedOutBy', NULL),
(262, 'Object Type', NULL, 71, 'cmis:objectTypeId', 25, 'cmis:objectTypeId', 'bb:image'),
(263, 'Version series checked out Id', NULL, 71, 'cmis:versionSeriesCheckedOutId', 15, 'cmis:versionSeriesCheckedOutId', NULL),
(264, 'Sub Title', NULL, 71, 'bb:subTitle', 47, 'bb:subTitle', NULL),
(265, 'Version series Id', NULL, 71, 'cmis:versionSeriesId', 3, 'cmis:versionSeriesId', '0c1c54a3-4df6-4472-b7ba-7e0d02a9dee0'),
(266, 'Width', NULL, 71, 'bb:width', 43, 'bb:width', NULL),
(267, 'Height', NULL, 71, 'bb:height', 48, 'bb:height', NULL),
(268, 'Latest version', NULL, 71, 'cmis:isLatestVersion', 4, 'cmis:isLatestVersion', 'true'),
(269, 'Version', NULL, 71, 'cmis:versionLabel', 21, 'cmis:versionLabel', '1.0'),
(270, 'Version series checked out', NULL, 71, 'cmis:isVersionSeriesCheckedOut', 18, 'cmis:isVersionSeriesCheckedOut', NULL),
(271, 'Last Modifed By', NULL, 71, 'cmis:lastModifiedBy', 20, 'cmis:lastModifiedBy', 'admin'),
(272, 'Change Token', NULL, 71, 'cmis:changetoken', 22, 'cmis:changetoken', NULL),
(273, 'Created By', NULL, 71, 'cmis:createdBy', 11, 'cmis:createdBy', 'admin'),
(274, 'Latest major version', NULL, 71, 'cmis:isLatestMajorVersion', 8, 'cmis:isLatestMajorVersion', 'true'),
(275, 'Content stream id', NULL, 71, 'cmis:contentStreamId', 13, 'cmis:contentStreamId', NULL),
(276, 'Name', NULL, 71, 'cmis:name', 19, 'cmis:name', 'slide_car.jpg'),
(277, 'Content stream mime type', NULL, 71, 'cmis:contentStreamMimeType', 6, 'cmis:contentStreamMimeType', 'image/jpeg'),
(278, 'Creation Date', NULL, 71, 'cmis:creationDate', 16, 'cmis:creationDate', '2014-01-17 13:27:31 +0100'),
(279, 'Checkin comment', NULL, 71, 'cmis:checkinComment', 10, 'cmis:checkinComment', NULL),
(280, 'Object Id', NULL, 71, 'cmis:objectId', 23, 'cmis:objectId', '2882d26b-6fd3-48bb-8733-794301a01b2d'),
(281, 'Description', NULL, 71, 'bb:description', 44, 'bb:description', NULL),
(282, 'Major version', NULL, 71, 'cmis:isMajorVersion', 17, 'cmis:isMajorVersion', 'true'),
(283, 'Immutable', NULL, 71, 'cmis:isImmutable', 14, 'cmis:isImmutable', NULL),
(284, 'Base Type', NULL, 71, 'cmis:baseTypeId', 1, 'cmis:baseTypeId', 'cmis:document'),
(285, 'Tag', NULL, 71, 'bb:tag', 49, 'bb:tag', NULL),
(286, 'Parent Id', NULL, 71, 'cmis:parentId', 7, 'cmis:parentId', '3de44053-e545-450f-b81e-05f28f78f749'),
(287, 'Content stream file name', NULL, 71, 'cmis:contentStreamFileName', 24, 'cmis:contentStreamFileName', 'slide_car.jpg'),
(288, 'Last Modification Date', NULL, 71, 'cmis:lastModificationDate', 9, 'cmis:lastModificationDate', '2014-01-17 13:27:31 +0100'),
(289, 'Content stream length', NULL, 72, 'cmis:contentStreamLength', 2, 'cmis:contentStreamLength', '97839'),
(290, 'Alt Text', NULL, 72, 'bb:altText', 45, 'bb:altText', NULL),
(291, 'Path', NULL, 72, 'cmis:path', 5, 'cmis:path', '/slide_greek.jpg'),
(292, 'Version series checked out by', NULL, 72, 'cmis:versionSeriesCheckedOutBy', 12, 'cmis:versionSeriesCheckedOutBy', NULL),
(293, 'Title', NULL, 72, 'bb:title', 46, 'bb:title', 'slide_greek.jpg'),
(294, 'Object Type', NULL, 72, 'cmis:objectTypeId', 25, 'cmis:objectTypeId', 'bb:image'),
(295, 'Version series checked out Id', NULL, 72, 'cmis:versionSeriesCheckedOutId', 15, 'cmis:versionSeriesCheckedOutId', NULL),
(296, 'Sub Title', NULL, 72, 'bb:subTitle', 47, 'bb:subTitle', NULL),
(297, 'Version series Id', NULL, 72, 'cmis:versionSeriesId', 3, 'cmis:versionSeriesId', 'c35cb47c-98a2-494e-8ece-bc9f9851593e'),
(298, 'Width', NULL, 72, 'bb:width', 43, 'bb:width', NULL),
(299, 'Latest version', NULL, 72, 'cmis:isLatestVersion', 4, 'cmis:isLatestVersion', 'true'),
(300, 'Height', NULL, 72, 'bb:height', 48, 'bb:height', NULL),
(301, 'Version', NULL, 72, 'cmis:versionLabel', 21, 'cmis:versionLabel', '1.0');    
INSERT INTO PUBLIC.PROPERTY_DATA(ID, DISPLAYNAME, LOCALNAME, OBJECT_DATA_ID, OBJECTID, PROPERTY_DEFINITION_ID, QUERYNAME, VALUE) VALUES
(302, 'Version series checked out', NULL, 72, 'cmis:isVersionSeriesCheckedOut', 18, 'cmis:isVersionSeriesCheckedOut', NULL),
(303, 'Last Modifed By', NULL, 72, 'cmis:lastModifiedBy', 20, 'cmis:lastModifiedBy', 'admin'),
(304, 'Change Token', NULL, 72, 'cmis:changetoken', 22, 'cmis:changetoken', NULL),
(305, 'Created By', NULL, 72, 'cmis:createdBy', 11, 'cmis:createdBy', 'admin'),
(306, 'Latest major version', NULL, 72, 'cmis:isLatestMajorVersion', 8, 'cmis:isLatestMajorVersion', 'true'),
(307, 'Content stream id', NULL, 72, 'cmis:contentStreamId', 13, 'cmis:contentStreamId', NULL),
(308, 'Name', NULL, 72, 'cmis:name', 19, 'cmis:name', 'slide_greek.jpg'),
(309, 'Content stream mime type', NULL, 72, 'cmis:contentStreamMimeType', 6, 'cmis:contentStreamMimeType', 'image/jpeg'),
(310, 'Creation Date', NULL, 72, 'cmis:creationDate', 16, 'cmis:creationDate', '2014-01-17 13:27:33 +0100'),
(311, 'Checkin comment', NULL, 72, 'cmis:checkinComment', 10, 'cmis:checkinComment', NULL),
(312, 'Object Id', NULL, 72, 'cmis:objectId', 23, 'cmis:objectId', '22b63ca7-dc0f-4d62-ae40-16c83b9d9e87'),
(313, 'Description', NULL, 72, 'bb:description', 44, 'bb:description', NULL),
(314, 'Immutable', NULL, 72, 'cmis:isImmutable', 14, 'cmis:isImmutable', NULL),
(315, 'Major version', NULL, 72, 'cmis:isMajorVersion', 17, 'cmis:isMajorVersion', 'true'),
(316, 'Base Type', NULL, 72, 'cmis:baseTypeId', 1, 'cmis:baseTypeId', 'cmis:document'),
(317, 'Tag', NULL, 72, 'bb:tag', 49, 'bb:tag', NULL),
(318, 'Parent Id', NULL, 72, 'cmis:parentId', 7, 'cmis:parentId', '3de44053-e545-450f-b81e-05f28f78f749'),
(319, 'Content stream file name', NULL, 72, 'cmis:contentStreamFileName', 24, 'cmis:contentStreamFileName', 'slide_greek.jpg'),
(320, 'Last Modification Date', NULL, 72, 'cmis:lastModificationDate', 9, 'cmis:lastModificationDate', '2014-01-17 13:27:33 +0100'),
(321, 'Alt Text', NULL, 73, 'bb:altText', 45, 'bb:altText', NULL),
(322, 'Content stream length', NULL, 73, 'cmis:contentStreamLength', 2, 'cmis:contentStreamLength', '90086'),
(323, 'Path', NULL, 73, 'cmis:path', 5, 'cmis:path', '/slide_new_york.jpg'),
(324, 'Object Type', NULL, 73, 'cmis:objectTypeId', 25, 'cmis:objectTypeId', 'bb:image'),
(325, 'Title', NULL, 73, 'bb:title', 46, 'bb:title', 'slide_new_york.jpg'),
(326, 'Version series checked out by', NULL, 73, 'cmis:versionSeriesCheckedOutBy', 12, 'cmis:versionSeriesCheckedOutBy', NULL),
(327, 'Version series checked out Id', NULL, 73, 'cmis:versionSeriesCheckedOutId', 15, 'cmis:versionSeriesCheckedOutId', NULL),
(328, 'Sub Title', NULL, 73, 'bb:subTitle', 47, 'bb:subTitle', NULL),
(329, 'Version series Id', NULL, 73, 'cmis:versionSeriesId', 3, 'cmis:versionSeriesId', '7f447ee0-b0b1-492d-ae15-a8db5555d5f7'),
(330, 'Width', NULL, 73, 'bb:width', 43, 'bb:width', NULL),
(331, 'Latest version', NULL, 73, 'cmis:isLatestVersion', 4, 'cmis:isLatestVersion', 'true'),
(332, 'Height', NULL, 73, 'bb:height', 48, 'bb:height', NULL),
(333, 'Version', NULL, 73, 'cmis:versionLabel', 21, 'cmis:versionLabel', '1.0'),
(334, 'Version series checked out', NULL, 73, 'cmis:isVersionSeriesCheckedOut', 18, 'cmis:isVersionSeriesCheckedOut', NULL),
(335, 'Last Modifed By', NULL, 73, 'cmis:lastModifiedBy', 20, 'cmis:lastModifiedBy', 'admin'),
(336, 'Change Token', NULL, 73, 'cmis:changetoken', 22, 'cmis:changetoken', NULL),
(337, 'Created By', NULL, 73, 'cmis:createdBy', 11, 'cmis:createdBy', 'admin'),
(338, 'Latest major version', NULL, 73, 'cmis:isLatestMajorVersion', 8, 'cmis:isLatestMajorVersion', 'true'),
(339, 'Content stream id', NULL, 73, 'cmis:contentStreamId', 13, 'cmis:contentStreamId', NULL),
(340, 'Name', NULL, 73, 'cmis:name', 19, 'cmis:name', 'slide_new_york.jpg'),
(341, 'Content stream mime type', NULL, 73, 'cmis:contentStreamMimeType', 6, 'cmis:contentStreamMimeType', 'image/jpeg'),
(342, 'Creation Date', NULL, 73, 'cmis:creationDate', 16, 'cmis:creationDate', '2014-01-17 13:27:35 +0100'),
(343, 'Checkin comment', NULL, 73, 'cmis:checkinComment', 10, 'cmis:checkinComment', NULL);       
INSERT INTO PUBLIC.PROPERTY_DATA(ID, DISPLAYNAME, LOCALNAME, OBJECT_DATA_ID, OBJECTID, PROPERTY_DEFINITION_ID, QUERYNAME, VALUE) VALUES
(344, 'Object Id', NULL, 73, 'cmis:objectId', 23, 'cmis:objectId', '80182b5d-fc5c-4114-878d-45530ceb31bd'),
(345, 'Description', NULL, 73, 'bb:description', 44, 'bb:description', NULL),
(346, 'Major version', NULL, 73, 'cmis:isMajorVersion', 17, 'cmis:isMajorVersion', 'true'),
(347, 'Immutable', NULL, 73, 'cmis:isImmutable', 14, 'cmis:isImmutable', NULL),
(348, 'Base Type', NULL, 73, 'cmis:baseTypeId', 1, 'cmis:baseTypeId', 'cmis:document'),
(349, 'Tag', NULL, 73, 'bb:tag', 49, 'bb:tag', NULL),
(350, 'Last Modification Date', NULL, 73, 'cmis:lastModificationDate', 9, 'cmis:lastModificationDate', '2014-01-17 13:27:35 +0100'),
(351, 'Content stream file name', NULL, 73, 'cmis:contentStreamFileName', 24, 'cmis:contentStreamFileName', 'slide_new_york.jpg'),
(352, 'Parent Id', NULL, 73, 'cmis:parentId', 7, 'cmis:parentId', '3de44053-e545-450f-b81e-05f28f78f749'),
(353, 'Alt Text', NULL, 97, 'bb:altText', 45, 'bb:altText', NULL),
(354, 'Content stream length', NULL, 97, 'cmis:contentStreamLength', 2, 'cmis:contentStreamLength', '2890'),
(355, 'Object Type', NULL, 97, 'cmis:objectTypeId', 25, 'cmis:objectTypeId', 'bb:image'),
(356, 'Version series checked out by', NULL, 97, 'cmis:versionSeriesCheckedOutBy', 12, 'cmis:versionSeriesCheckedOutBy', NULL),
(357, 'Title', NULL, 97, 'bb:title', 46, 'bb:title', 'backbase-logo.png'),
(358, 'Path', NULL, 97, 'cmis:path', 5, 'cmis:path', '/backbase-logo.png'),
(359, 'Version series checked out Id', NULL, 97, 'cmis:versionSeriesCheckedOutId', 15, 'cmis:versionSeriesCheckedOutId', NULL),
(360, 'Sub Title', NULL, 97, 'bb:subTitle', 47, 'bb:subTitle', NULL),
(361, 'Version series Id', NULL, 97, 'cmis:versionSeriesId', 3, 'cmis:versionSeriesId', '2cb3c740-427f-4dea-b11b-569f7807fb01'),
(362, 'Width', NULL, 97, 'bb:width', 43, 'bb:width', '0'),
(363, 'Height', NULL, 97, 'bb:height', 48, 'bb:height', '0'),
(364, 'Version', NULL, 97, 'cmis:versionLabel', 21, 'cmis:versionLabel', '1.0'),
(365, 'Latest version', NULL, 97, 'cmis:isLatestVersion', 4, 'cmis:isLatestVersion', 'true'),
(366, 'Version series checked out', NULL, 97, 'cmis:isVersionSeriesCheckedOut', 18, 'cmis:isVersionSeriesCheckedOut', NULL),
(367, 'Last Modifed By', NULL, 97, 'cmis:lastModifiedBy', 20, 'cmis:lastModifiedBy', 'admin'),
(368, 'Change Token', NULL, 97, 'cmis:changetoken', 22, 'cmis:changetoken', NULL),
(369, 'Created By', NULL, 97, 'cmis:createdBy', 11, 'cmis:createdBy', 'admin'),
(370, 'Latest major version', NULL, 97, 'cmis:isLatestMajorVersion', 8, 'cmis:isLatestMajorVersion', 'true'),
(371, 'Content stream id', NULL, 97, 'cmis:contentStreamId', 13, 'cmis:contentStreamId', NULL),
(372, 'Name', NULL, 97, 'cmis:name', 19, 'cmis:name', 'backbase-logo.png'),
(373, 'Content stream mime type', NULL, 97, 'cmis:contentStreamMimeType', 6, 'cmis:contentStreamMimeType', 'image/png;charset=UTF-8'),
(374, 'Creation Date', NULL, 97, 'cmis:creationDate', 16, 'cmis:creationDate', '2014-01-17 18:47:00 +0100'),
(375, 'Checkin comment', NULL, 97, 'cmis:checkinComment', 10, 'cmis:checkinComment', NULL),
(376, 'Description', NULL, 97, 'bb:description', 44, 'bb:description', NULL),
(377, 'Object Id', NULL, 97, 'cmis:objectId', 23, 'cmis:objectId', '76ffa65a-7a66-4f7f-921d-26d3977a3fa9'),
(378, 'Major version', NULL, 97, 'cmis:isMajorVersion', 17, 'cmis:isMajorVersion', 'true'),
(379, 'Immutable', NULL, 97, 'cmis:isImmutable', 14, 'cmis:isImmutable', NULL),
(380, 'Base Type', NULL, 97, 'cmis:baseTypeId', 1, 'cmis:baseTypeId', 'cmis:document'),
(381, 'Tag', NULL, 97, 'bb:tag', 49, 'bb:tag', NULL),
(382, 'Parent Id', NULL, 97, 'cmis:parentId', 7, 'cmis:parentId', '3de44053-e545-450f-b81e-05f28f78f749'),
(383, 'Last Modification Date', NULL, 97, 'cmis:lastModificationDate', 9, 'cmis:lastModificationDate', '2014-01-17 18:47:00 +0100'),
(384, 'Content stream file name', NULL, 97, 'cmis:contentStreamFileName', 24, 'cmis:contentStreamFileName', 'backbase-logo.png'),
(385, 'Last Modifed By', NULL, 129, 'cmis:lastModifiedBy', 30, 'cmis:lastModifiedBy', 'admin'); 
INSERT INTO PUBLIC.PROPERTY_DATA(ID, DISPLAYNAME, LOCALNAME, OBJECT_DATA_ID, OBJECTID, PROPERTY_DEFINITION_ID, QUERYNAME, VALUE) VALUES
(386, 'Object Type', NULL, 129, 'cmis:objectTypeId', 29, 'cmis:objectTypeId', 'cmis:folder'),
(387, 'Path', NULL, 129, 'cmis:path', 34, 'cmis:path', '/Generated content/retail-banking-edition'),
(388, 'Created By', NULL, 129, 'cmis:createdBy', 37, 'cmis:createdBy', 'admin'),
(389, 'Name', NULL, 129, 'cmis:name', 32, 'cmis:name', 'retail-banking-edition'),
(390, 'Object Id', NULL, 129, 'cmis:objectId', 28, 'cmis:objectId', '2abf9fca-d8ba-44ae-93fc-7f201980b1de'),
(391, 'Creation Date', NULL, 129, 'cmis:creationDate', 33, 'cmis:creationDate', '2014-01-20 17:47:11 +0100'),
(392, 'Base Type', NULL, 129, 'cmis:baseTypeId', 31, 'cmis:baseTypeId', 'cmis:folder'),
(393, 'Parent Id', NULL, 129, 'cmis:parentId', 26, 'cmis:parentId', '97fa9885-93c0-40f4-a8c9-6b7b20acef5f'),
(394, 'Last Modification Date', NULL, 129, 'cmis:lastModificationDate', 36, 'cmis:lastModificationDate', '2014-01-20 17:47:11 +0100'),
(395, 'Last Modifed By', NULL, 130, 'cmis:lastModifiedBy', 30, 'cmis:lastModifiedBy', 'admin'),
(396, 'Object Type', NULL, 130, 'cmis:objectTypeId', 29, 'cmis:objectTypeId', 'cmis:folder'),
(397, 'Path', NULL, 130, 'cmis:path', 34, 'cmis:path', '/Generated content/retail-banking-edition/page_1390233429406'),
(398, 'Created By', NULL, 130, 'cmis:createdBy', 37, 'cmis:createdBy', 'admin'),
(399, 'Name', NULL, 130, 'cmis:name', 32, 'cmis:name', 'page_1390233429406'),
(400, 'Object Id', NULL, 130, 'cmis:objectId', 28, 'cmis:objectId', '05bcf439-9278-448f-85ef-ba26987dc1e8'),
(401, 'Creation Date', NULL, 130, 'cmis:creationDate', 33, 'cmis:creationDate', '2014-01-20 17:47:14 +0100'),
(402, 'Base Type', NULL, 130, 'cmis:baseTypeId', 31, 'cmis:baseTypeId', 'cmis:folder'),
(403, 'Parent Id', NULL, 130, 'cmis:parentId', 26, 'cmis:parentId', '2abf9fca-d8ba-44ae-93fc-7f201980b1de'),
(404, 'Last Modification Date', NULL, 130, 'cmis:lastModificationDate', 36, 'cmis:lastModificationDate', '2014-01-20 17:47:14 +0100'),
(405, 'Content stream length', NULL, 131, 'cmis:contentStreamLength', 2, 'cmis:contentStreamLength', '27'),
(406, 'Object Type', NULL, 131, 'cmis:objectTypeId', 25, 'cmis:objectTypeId', 'bb:richtext'),
(407, 'Version series checked out by', NULL, 131, 'cmis:versionSeriesCheckedOutBy', 12, 'cmis:versionSeriesCheckedOutBy', NULL),
(408, 'Title', NULL, 131, 'bb:title', 41, 'bb:title', NULL),
(409, 'Path', NULL, 131, 'cmis:path', 5, 'cmis:path', '/Generated content/retail-banking-edition/page_1390233429406/widget-advanced-content-7026084_TitleOne'),
(410, 'Version series checked out Id', NULL, 131, 'cmis:versionSeriesCheckedOutId', 15, 'cmis:versionSeriesCheckedOutId', NULL),
(411, 'Sub Title', NULL, 131, 'bb:subTitle', 40, 'bb:subTitle', NULL),
(412, 'Version series Id', NULL, 131, 'cmis:versionSeriesId', 3, 'cmis:versionSeriesId', '71f4208e-4696-440e-bca1-1ceb888570e8'),
(413, 'Version', NULL, 131, 'cmis:versionLabel', 21, 'cmis:versionLabel', '1.0'),
(414, 'Latest version', NULL, 131, 'cmis:isLatestVersion', 4, 'cmis:isLatestVersion', 'true'),
(415, 'Version series checked out', NULL, 131, 'cmis:isVersionSeriesCheckedOut', 18, 'cmis:isVersionSeriesCheckedOut', NULL),
(416, 'Last Modifed By', NULL, 131, 'cmis:lastModifiedBy', 20, 'cmis:lastModifiedBy', 'manager'),
(417, 'Change Token', NULL, 131, 'cmis:changetoken', 22, 'cmis:changetoken', NULL),
(418, 'Created By', NULL, 131, 'cmis:createdBy', 11, 'cmis:createdBy', 'manager'),
(419, 'Latest major version', NULL, 131, 'cmis:isLatestMajorVersion', 8, 'cmis:isLatestMajorVersion', 'true'),
(420, 'Content stream id', NULL, 131, 'cmis:contentStreamId', 13, 'cmis:contentStreamId', NULL),
(421, 'Name', NULL, 131, 'cmis:name', 19, 'cmis:name', 'widget-advanced-content-7026084_TitleOne'),
(422, 'Content stream mime type', NULL, 131, 'cmis:contentStreamMimeType', 6, 'cmis:contentStreamMimeType', 'text/html; charset=utf-8'),
(423, 'Creation Date', NULL, 131, 'cmis:creationDate', 16, 'cmis:creationDate', '2014-01-20 17:47:14 +0100'),
(424, 'Checkin comment', NULL, 131, 'cmis:checkinComment', 10, 'cmis:checkinComment', NULL);            
INSERT INTO PUBLIC.PROPERTY_DATA(ID, DISPLAYNAME, LOCALNAME, OBJECT_DATA_ID, OBJECTID, PROPERTY_DEFINITION_ID, QUERYNAME, VALUE) VALUES
(425, 'Object Id', NULL, 131, 'cmis:objectId', 23, 'cmis:objectId', '63b2c6e0-2f1e-41e2-a511-ff29f4ce77bc'),
(426, 'Description', NULL, 131, 'bb:description', 42, 'bb:description', NULL),
(427, 'Immutable', NULL, 131, 'cmis:isImmutable', 14, 'cmis:isImmutable', NULL),
(428, 'Major version', NULL, 131, 'cmis:isMajorVersion', 17, 'cmis:isMajorVersion', 'true'),
(429, 'Base Type', NULL, 131, 'cmis:baseTypeId', 1, 'cmis:baseTypeId', 'cmis:document'),
(430, 'Last Modification Date', NULL, 131, 'cmis:lastModificationDate', 9, 'cmis:lastModificationDate', '2014-01-20 17:47:14 +0100'),
(431, 'Content stream file name', NULL, 131, 'cmis:contentStreamFileName', 24, 'cmis:contentStreamFileName', 'widget-advanced-content-7026084_TitleOne'),
(432, 'Parent Id', NULL, 131, 'cmis:parentId', 7, 'cmis:parentId', '05bcf439-9278-448f-85ef-ba26987dc1e8'),
(433, 'Content stream length', NULL, 132, 'cmis:contentStreamLength', 2, 'cmis:contentStreamLength', '49'),
(434, 'Path', NULL, 132, 'cmis:path', 5, 'cmis:path', '/Generated content/retail-banking-edition/page_1390233429406/widget-advanced-content-7026084_SubTitleOne'),
(435, 'Version series checked out by', NULL, 132, 'cmis:versionSeriesCheckedOutBy', 12, 'cmis:versionSeriesCheckedOutBy', NULL),
(436, 'Title', NULL, 132, 'bb:title', 41, 'bb:title', NULL),
(437, 'Object Type', NULL, 132, 'cmis:objectTypeId', 25, 'cmis:objectTypeId', 'bb:richtext'),
(438, 'Version series checked out Id', NULL, 132, 'cmis:versionSeriesCheckedOutId', 15, 'cmis:versionSeriesCheckedOutId', NULL),
(439, 'Sub Title', NULL, 132, 'bb:subTitle', 40, 'bb:subTitle', NULL),
(440, 'Version series Id', NULL, 132, 'cmis:versionSeriesId', 3, 'cmis:versionSeriesId', 'ce3a8520-07e2-44fe-8a0f-2808585621e2'),
(441, 'Version', NULL, 132, 'cmis:versionLabel', 21, 'cmis:versionLabel', '1.0'),
(442, 'Latest version', NULL, 132, 'cmis:isLatestVersion', 4, 'cmis:isLatestVersion', 'true'),
(443, 'Version series checked out', NULL, 132, 'cmis:isVersionSeriesCheckedOut', 18, 'cmis:isVersionSeriesCheckedOut', NULL),
(444, 'Last Modifed By', NULL, 132, 'cmis:lastModifiedBy', 20, 'cmis:lastModifiedBy', 'admin'),
(445, 'Change Token', NULL, 132, 'cmis:changetoken', 22, 'cmis:changetoken', NULL),
(446, 'Created By', NULL, 132, 'cmis:createdBy', 11, 'cmis:createdBy', 'admin'),
(447, 'Latest major version', NULL, 132, 'cmis:isLatestMajorVersion', 8, 'cmis:isLatestMajorVersion', 'true'),
(448, 'Content stream id', NULL, 132, 'cmis:contentStreamId', 13, 'cmis:contentStreamId', NULL),
(449, 'Name', NULL, 132, 'cmis:name', 19, 'cmis:name', 'widget-advanced-content-7026084_SubTitleOne'),
(450, 'Content stream mime type', NULL, 132, 'cmis:contentStreamMimeType', 6, 'cmis:contentStreamMimeType', 'text/html; charset=UTF-8'),
(451, 'Creation Date', NULL, 132, 'cmis:creationDate', 16, 'cmis:creationDate', '2014-01-20 17:57:24 +0100'),
(452, 'Checkin comment', NULL, 132, 'cmis:checkinComment', 10, 'cmis:checkinComment', NULL),
(453, 'Object Id', NULL, 132, 'cmis:objectId', 23, 'cmis:objectId', '772824b9-0d91-4e38-9706-fb30d5fde41f'),
(454, 'Description', NULL, 132, 'bb:description', 42, 'bb:description', NULL),
(455, 'Major version', NULL, 132, 'cmis:isMajorVersion', 17, 'cmis:isMajorVersion', 'true'),
(456, 'Immutable', NULL, 132, 'cmis:isImmutable', 14, 'cmis:isImmutable', NULL),
(457, 'Base Type', NULL, 132, 'cmis:baseTypeId', 1, 'cmis:baseTypeId', 'cmis:document'),
(458, 'Parent Id', NULL, 132, 'cmis:parentId', 7, 'cmis:parentId', '05bcf439-9278-448f-85ef-ba26987dc1e8'),
(459, 'Last Modification Date', NULL, 132, 'cmis:lastModificationDate', 9, 'cmis:lastModificationDate', '2014-01-20 18:14:02 +0100'),
(460, 'Content stream file name', NULL, 132, 'cmis:contentStreamFileName', 24, 'cmis:contentStreamFileName', 'widget-advanced-content-7026084_SubTitleOne'),
(461, 'Content stream length', NULL, 133, 'cmis:contentStreamLength', 2, 'cmis:contentStreamLength', '166'),
(462, 'Object Type', NULL, 133, 'cmis:objectTypeId', 25, 'cmis:objectTypeId', 'bb:richtext');       
INSERT INTO PUBLIC.PROPERTY_DATA(ID, DISPLAYNAME, LOCALNAME, OBJECT_DATA_ID, OBJECTID, PROPERTY_DEFINITION_ID, QUERYNAME, VALUE) VALUES
(463, 'Version series checked out by', NULL, 133, 'cmis:versionSeriesCheckedOutBy', 12, 'cmis:versionSeriesCheckedOutBy', NULL),
(464, 'Title', NULL, 133, 'bb:title', 41, 'bb:title', NULL),
(465, 'Path', NULL, 133, 'cmis:path', 5, 'cmis:path', '/Generated content/retail-banking-edition/page_1390233429406/widget-advanced-content-7026084_DescriptionOne'),
(466, 'Version series checked out Id', NULL, 133, 'cmis:versionSeriesCheckedOutId', 15, 'cmis:versionSeriesCheckedOutId', NULL),
(467, 'Sub Title', NULL, 133, 'bb:subTitle', 40, 'bb:subTitle', NULL),
(468, 'Version series Id', NULL, 133, 'cmis:versionSeriesId', 3, 'cmis:versionSeriesId', 'c454a84f-534a-4c5a-953a-f70062bfa97b'),
(469, 'Latest version', NULL, 133, 'cmis:isLatestVersion', 4, 'cmis:isLatestVersion', 'true'),
(470, 'Version', NULL, 133, 'cmis:versionLabel', 21, 'cmis:versionLabel', '1.0'),
(471, 'Version series checked out', NULL, 133, 'cmis:isVersionSeriesCheckedOut', 18, 'cmis:isVersionSeriesCheckedOut', NULL),
(472, 'Last Modifed By', NULL, 133, 'cmis:lastModifiedBy', 20, 'cmis:lastModifiedBy', 'admin'),
(473, 'Change Token', NULL, 133, 'cmis:changetoken', 22, 'cmis:changetoken', NULL),
(474, 'Created By', NULL, 133, 'cmis:createdBy', 11, 'cmis:createdBy', 'admin'),
(475, 'Latest major version', NULL, 133, 'cmis:isLatestMajorVersion', 8, 'cmis:isLatestMajorVersion', 'true'),
(476, 'Content stream id', NULL, 133, 'cmis:contentStreamId', 13, 'cmis:contentStreamId', NULL),
(477, 'Name', NULL, 133, 'cmis:name', 19, 'cmis:name', 'widget-advanced-content-7026084_DescriptionOne'),
(478, 'Content stream mime type', NULL, 133, 'cmis:contentStreamMimeType', 6, 'cmis:contentStreamMimeType', 'text/html; charset=utf-8'),
(479, 'Creation Date', NULL, 133, 'cmis:creationDate', 16, 'cmis:creationDate', '2014-01-21 10:42:57 +0100'),
(480, 'Checkin comment', NULL, 133, 'cmis:checkinComment', 10, 'cmis:checkinComment', NULL),
(481, 'Description', NULL, 133, 'bb:description', 42, 'bb:description', NULL),
(482, 'Object Id', NULL, 133, 'cmis:objectId', 23, 'cmis:objectId', 'fef144cc-3a2c-4e15-b98f-c89137bf3715'),
(483, 'Major version', NULL, 133, 'cmis:isMajorVersion', 17, 'cmis:isMajorVersion', 'true'),
(484, 'Immutable', NULL, 133, 'cmis:isImmutable', 14, 'cmis:isImmutable', NULL),
(485, 'Base Type', NULL, 133, 'cmis:baseTypeId', 1, 'cmis:baseTypeId', 'cmis:document'),
(486, 'Content stream file name', NULL, 133, 'cmis:contentStreamFileName', 24, 'cmis:contentStreamFileName', 'widget-advanced-content-7026084_DescriptionOne'),
(487, 'Last Modification Date', NULL, 133, 'cmis:lastModificationDate', 9, 'cmis:lastModificationDate', '2014-01-21 10:42:57 +0100'),
(488, 'Parent Id', NULL, 133, 'cmis:parentId', 7, 'cmis:parentId', '05bcf439-9278-448f-85ef-ba26987dc1e8'),
(489, 'Url', NULL, 134, 'bb:url', 50, 'bb:url', ''),
(490, 'Content stream length', NULL, 134, 'cmis:contentStreamLength', 2, 'cmis:contentStreamLength', '0'),
(491, 'Version series checked out by', NULL, 134, 'cmis:versionSeriesCheckedOutBy', 12, 'cmis:versionSeriesCheckedOutBy', NULL),
(492, 'Object Type', NULL, 134, 'cmis:objectTypeId', 25, 'cmis:objectTypeId', 'bb:link'),
(493, 'Title', NULL, 134, 'bb:title', 52, 'bb:title', 'Apply now'),
(494, 'Path', NULL, 134, 'cmis:path', 5, 'cmis:path', '/Generated content/retail-banking-edition/page_1390233429406/widget-advanced-content-7026084_LinkOne'),
(495, 'Version series checked out Id', NULL, 134, 'cmis:versionSeriesCheckedOutId', 15, 'cmis:versionSeriesCheckedOutId', NULL),
(496, 'Sub Title', NULL, 134, 'bb:subTitle', 51, 'bb:subTitle', ''),
(497, 'Version series Id', NULL, 134, 'cmis:versionSeriesId', 3, 'cmis:versionSeriesId', '8e03df96-f283-4301-8e35-f2e130713344'),
(498, 'Version', NULL, 134, 'cmis:versionLabel', 21, 'cmis:versionLabel', '1.0'),
(499, 'Latest version', NULL, 134, 'cmis:isLatestVersion', 4, 'cmis:isLatestVersion', 'true'),
(500, 'Version series checked out', NULL, 134, 'cmis:isVersionSeriesCheckedOut', 18, 'cmis:isVersionSeriesCheckedOut', NULL);             
INSERT INTO PUBLIC.PROPERTY_DATA(ID, DISPLAYNAME, LOCALNAME, OBJECT_DATA_ID, OBJECTID, PROPERTY_DEFINITION_ID, QUERYNAME, VALUE) VALUES
(501, 'Last Modifed By', NULL, 134, 'cmis:lastModifiedBy', 20, 'cmis:lastModifiedBy', 'admin'),
(502, 'Change Token', NULL, 134, 'cmis:changetoken', 22, 'cmis:changetoken', NULL),
(503, 'Created By', NULL, 134, 'cmis:createdBy', 11, 'cmis:createdBy', 'admin'),
(504, 'Latest major version', NULL, 134, 'cmis:isLatestMajorVersion', 8, 'cmis:isLatestMajorVersion', 'true'),
(505, 'Content stream id', NULL, 134, 'cmis:contentStreamId', 13, 'cmis:contentStreamId', NULL),
(506, 'Name', NULL, 134, 'cmis:name', 19, 'cmis:name', 'widget-advanced-content-7026084_LinkOne'),
(507, 'Content stream mime type', NULL, 134, 'cmis:contentStreamMimeType', 6, 'cmis:contentStreamMimeType', ''),
(508, 'Creation Date', NULL, 134, 'cmis:creationDate', 16, 'cmis:creationDate', '2014-01-21 10:43:05 +0100'),
(509, 'Checkin comment', NULL, 134, 'cmis:checkinComment', 10, 'cmis:checkinComment', NULL),
(510, 'Object Id', NULL, 134, 'cmis:objectId', 23, 'cmis:objectId', 'a6810286-93ba-4693-af4b-42d28e17aa13'),
(511, 'Immutable', NULL, 134, 'cmis:isImmutable', 14, 'cmis:isImmutable', NULL),
(512, 'Major version', NULL, 134, 'cmis:isMajorVersion', 17, 'cmis:isMajorVersion', 'true'),
(513, 'Base Type', NULL, 134, 'cmis:baseTypeId', 1, 'cmis:baseTypeId', 'cmis:document'),
(514, 'Content stream file name', NULL, 134, 'cmis:contentStreamFileName', 24, 'cmis:contentStreamFileName', 'widget-advanced-content-7026084_LinkOne'),
(515, 'Last Modification Date', NULL, 134, 'cmis:lastModificationDate', 9, 'cmis:lastModificationDate', '2014-01-21 10:43:05 +0100'),
(516, 'Parent Id', NULL, 134, 'cmis:parentId', 7, 'cmis:parentId', '05bcf439-9278-448f-85ef-ba26987dc1e8'),
(517, 'Content stream length', NULL, 135, 'cmis:contentStreamLength', 2, 'cmis:contentStreamLength', '30'),
(518, 'Object Type', NULL, 135, 'cmis:objectTypeId', 25, 'cmis:objectTypeId', 'bb:richtext'),
(519, 'Path', NULL, 135, 'cmis:path', 5, 'cmis:path', '/Generated content/retail-banking-edition/page_1390233429406/widget-advanced-content-4128897_TitleOne'),
(520, 'Version series checked out by', NULL, 135, 'cmis:versionSeriesCheckedOutBy', 12, 'cmis:versionSeriesCheckedOutBy', NULL),
(521, 'Title', NULL, 135, 'bb:title', 41, 'bb:title', NULL),
(522, 'Version series checked out Id', NULL, 135, 'cmis:versionSeriesCheckedOutId', 15, 'cmis:versionSeriesCheckedOutId', NULL),
(523, 'Sub Title', NULL, 135, 'bb:subTitle', 40, 'bb:subTitle', NULL),
(524, 'Version series Id', NULL, 135, 'cmis:versionSeriesId', 3, 'cmis:versionSeriesId', 'fa8d5e52-6602-44c6-84a9-02383c887ea0'),
(525, 'Version', NULL, 135, 'cmis:versionLabel', 21, 'cmis:versionLabel', '1.0'),
(526, 'Latest version', NULL, 135, 'cmis:isLatestVersion', 4, 'cmis:isLatestVersion', 'true'),
(527, 'Version series checked out', NULL, 135, 'cmis:isVersionSeriesCheckedOut', 18, 'cmis:isVersionSeriesCheckedOut', NULL),
(528, 'Last Modifed By', NULL, 135, 'cmis:lastModifiedBy', 20, 'cmis:lastModifiedBy', 'admin'),
(529, 'Change Token', NULL, 135, 'cmis:changetoken', 22, 'cmis:changetoken', NULL),
(530, 'Created By', NULL, 135, 'cmis:createdBy', 11, 'cmis:createdBy', 'admin'),
(531, 'Latest major version', NULL, 135, 'cmis:isLatestMajorVersion', 8, 'cmis:isLatestMajorVersion', 'true'),
(532, 'Content stream id', NULL, 135, 'cmis:contentStreamId', 13, 'cmis:contentStreamId', NULL),
(533, 'Name', NULL, 135, 'cmis:name', 19, 'cmis:name', 'widget-advanced-content-4128897_TitleOne'),
(534, 'Content stream mime type', NULL, 135, 'cmis:contentStreamMimeType', 6, 'cmis:contentStreamMimeType', 'text/html; charset=UTF-8'),
(535, 'Creation Date', NULL, 135, 'cmis:creationDate', 16, 'cmis:creationDate', '2014-01-21 10:44:54 +0100'),
(536, 'Checkin comment', NULL, 135, 'cmis:checkinComment', 10, 'cmis:checkinComment', NULL),
(537, 'Object Id', NULL, 135, 'cmis:objectId', 23, 'cmis:objectId', '1c544481-3f19-466a-8062-8c8f6ed71304'),
(538, 'Description', NULL, 135, 'bb:description', 42, 'bb:description', NULL),
(539, 'Immutable', NULL, 135, 'cmis:isImmutable', 14, 'cmis:isImmutable', NULL);         
INSERT INTO PUBLIC.PROPERTY_DATA(ID, DISPLAYNAME, LOCALNAME, OBJECT_DATA_ID, OBJECTID, PROPERTY_DEFINITION_ID, QUERYNAME, VALUE) VALUES
(540, 'Major version', NULL, 135, 'cmis:isMajorVersion', 17, 'cmis:isMajorVersion', 'true'),
(541, 'Base Type', NULL, 135, 'cmis:baseTypeId', 1, 'cmis:baseTypeId', 'cmis:document'),
(542, 'Content stream file name', NULL, 135, 'cmis:contentStreamFileName', 24, 'cmis:contentStreamFileName', 'widget-advanced-content-4128897_TitleOne'),
(543, 'Parent Id', NULL, 135, 'cmis:parentId', 7, 'cmis:parentId', '05bcf439-9278-448f-85ef-ba26987dc1e8'),
(544, 'Last Modification Date', NULL, 135, 'cmis:lastModificationDate', 9, 'cmis:lastModificationDate', '2014-01-23 21:40:58 +0100'),
(545, 'Content stream length', NULL, 136, 'cmis:contentStreamLength', 2, 'cmis:contentStreamLength', '53'),
(546, 'Version series checked out by', NULL, 136, 'cmis:versionSeriesCheckedOutBy', 12, 'cmis:versionSeriesCheckedOutBy', NULL),
(547, 'Title', NULL, 136, 'bb:title', 41, 'bb:title', NULL),
(548, 'Object Type', NULL, 136, 'cmis:objectTypeId', 25, 'cmis:objectTypeId', 'bb:richtext'),
(549, 'Path', NULL, 136, 'cmis:path', 5, 'cmis:path', '/Generated content/retail-banking-edition/page_1390233429406/widget-advanced-content-4128897_SubTitleOne'),
(550, 'Version series checked out Id', NULL, 136, 'cmis:versionSeriesCheckedOutId', 15, 'cmis:versionSeriesCheckedOutId', NULL),
(551, 'Sub Title', NULL, 136, 'bb:subTitle', 40, 'bb:subTitle', NULL),
(552, 'Version series Id', NULL, 136, 'cmis:versionSeriesId', 3, 'cmis:versionSeriesId', 'e2f62472-18df-44d3-98ab-cc39d10482ad'),
(553, 'Latest version', NULL, 136, 'cmis:isLatestVersion', 4, 'cmis:isLatestVersion', 'true'),
(554, 'Version', NULL, 136, 'cmis:versionLabel', 21, 'cmis:versionLabel', '1.0'),
(555, 'Version series checked out', NULL, 136, 'cmis:isVersionSeriesCheckedOut', 18, 'cmis:isVersionSeriesCheckedOut', NULL),
(556, 'Last Modifed By', NULL, 136, 'cmis:lastModifiedBy', 20, 'cmis:lastModifiedBy', 'admin'),
(557, 'Change Token', NULL, 136, 'cmis:changetoken', 22, 'cmis:changetoken', NULL),
(558, 'Created By', NULL, 136, 'cmis:createdBy', 11, 'cmis:createdBy', 'admin'),
(559, 'Latest major version', NULL, 136, 'cmis:isLatestMajorVersion', 8, 'cmis:isLatestMajorVersion', 'true'),
(560, 'Content stream id', NULL, 136, 'cmis:contentStreamId', 13, 'cmis:contentStreamId', NULL),
(561, 'Name', NULL, 136, 'cmis:name', 19, 'cmis:name', 'widget-advanced-content-4128897_SubTitleOne'),
(562, 'Content stream mime type', NULL, 136, 'cmis:contentStreamMimeType', 6, 'cmis:contentStreamMimeType', 'text/html; charset=utf-8'),
(563, 'Creation Date', NULL, 136, 'cmis:creationDate', 16, 'cmis:creationDate', '2014-01-21 10:45:03 +0100'),
(564, 'Checkin comment', NULL, 136, 'cmis:checkinComment', 10, 'cmis:checkinComment', NULL),
(565, 'Object Id', NULL, 136, 'cmis:objectId', 23, 'cmis:objectId', '97e56233-b4cb-4e87-ad78-57c55a414992'),
(566, 'Description', NULL, 136, 'bb:description', 42, 'bb:description', NULL),
(567, 'Immutable', NULL, 136, 'cmis:isImmutable', 14, 'cmis:isImmutable', NULL),
(568, 'Major version', NULL, 136, 'cmis:isMajorVersion', 17, 'cmis:isMajorVersion', 'true'),
(569, 'Base Type', NULL, 136, 'cmis:baseTypeId', 1, 'cmis:baseTypeId', 'cmis:document'),
(570, 'Content stream file name', NULL, 136, 'cmis:contentStreamFileName', 24, 'cmis:contentStreamFileName', 'widget-advanced-content-4128897_SubTitleOne'),
(571, 'Parent Id', NULL, 136, 'cmis:parentId', 7, 'cmis:parentId', '05bcf439-9278-448f-85ef-ba26987dc1e8'),
(572, 'Last Modification Date', NULL, 136, 'cmis:lastModificationDate', 9, 'cmis:lastModificationDate', '2014-01-21 10:45:03 +0100'),
(573, 'Content stream length', NULL, 137, 'cmis:contentStreamLength', 2, 'cmis:contentStreamLength', '168'),
(574, 'Version series checked out by', NULL, 137, 'cmis:versionSeriesCheckedOutBy', 12, 'cmis:versionSeriesCheckedOutBy', NULL),
(575, 'Title', NULL, 137, 'bb:title', 41, 'bb:title', NULL),
(576, 'Path', NULL, 137, 'cmis:path', 5, 'cmis:path', '/Generated content/retail-banking-edition/page_1390233429406/widget-advanced-content-4128897_DescriptionOne');              
INSERT INTO PUBLIC.PROPERTY_DATA(ID, DISPLAYNAME, LOCALNAME, OBJECT_DATA_ID, OBJECTID, PROPERTY_DEFINITION_ID, QUERYNAME, VALUE) VALUES
(577, 'Object Type', NULL, 137, 'cmis:objectTypeId', 25, 'cmis:objectTypeId', 'bb:richtext'),
(578, 'Version series checked out Id', NULL, 137, 'cmis:versionSeriesCheckedOutId', 15, 'cmis:versionSeriesCheckedOutId', NULL),
(579, 'Sub Title', NULL, 137, 'bb:subTitle', 40, 'bb:subTitle', NULL),
(580, 'Version series Id', NULL, 137, 'cmis:versionSeriesId', 3, 'cmis:versionSeriesId', '09cf3dec-0182-4f42-9d3b-a9d57971a8b1'),
(581, 'Latest version', NULL, 137, 'cmis:isLatestVersion', 4, 'cmis:isLatestVersion', 'true'),
(582, 'Version', NULL, 137, 'cmis:versionLabel', 21, 'cmis:versionLabel', '1.0'),
(583, 'Version series checked out', NULL, 137, 'cmis:isVersionSeriesCheckedOut', 18, 'cmis:isVersionSeriesCheckedOut', NULL),
(584, 'Last Modifed By', NULL, 137, 'cmis:lastModifiedBy', 20, 'cmis:lastModifiedBy', 'admin'),
(585, 'Change Token', NULL, 137, 'cmis:changetoken', 22, 'cmis:changetoken', NULL),
(586, 'Created By', NULL, 137, 'cmis:createdBy', 11, 'cmis:createdBy', 'admin'),
(587, 'Latest major version', NULL, 137, 'cmis:isLatestMajorVersion', 8, 'cmis:isLatestMajorVersion', 'true'),
(588, 'Content stream id', NULL, 137, 'cmis:contentStreamId', 13, 'cmis:contentStreamId', NULL),
(589, 'Name', NULL, 137, 'cmis:name', 19, 'cmis:name', 'widget-advanced-content-4128897_DescriptionOne'),
(590, 'Content stream mime type', NULL, 137, 'cmis:contentStreamMimeType', 6, 'cmis:contentStreamMimeType', 'text/html; charset=UTF-8'),
(591, 'Creation Date', NULL, 137, 'cmis:creationDate', 16, 'cmis:creationDate', '2014-01-21 10:45:09 +0100'),
(592, 'Checkin comment', NULL, 137, 'cmis:checkinComment', 10, 'cmis:checkinComment', NULL),
(593, 'Object Id', NULL, 137, 'cmis:objectId', 23, 'cmis:objectId', 'a12d4a86-e871-4dbb-83e8-abdc5884def2'),
(594, 'Description', NULL, 137, 'bb:description', 42, 'bb:description', NULL),
(595, 'Immutable', NULL, 137, 'cmis:isImmutable', 14, 'cmis:isImmutable', NULL),
(596, 'Major version', NULL, 137, 'cmis:isMajorVersion', 17, 'cmis:isMajorVersion', 'true'),
(597, 'Base Type', NULL, 137, 'cmis:baseTypeId', 1, 'cmis:baseTypeId', 'cmis:document'),
(598, 'Parent Id', NULL, 137, 'cmis:parentId', 7, 'cmis:parentId', '05bcf439-9278-448f-85ef-ba26987dc1e8'),
(599, 'Content stream file name', NULL, 137, 'cmis:contentStreamFileName', 24, 'cmis:contentStreamFileName', 'widget-advanced-content-4128897_DescriptionOne'),
(600, 'Last Modification Date', NULL, 137, 'cmis:lastModificationDate', 9, 'cmis:lastModificationDate', '2014-01-23 21:41:38 +0100'),
(601, 'Content stream length', NULL, 138, 'cmis:contentStreamLength', 2, 'cmis:contentStreamLength', '27'),
(602, 'Title', NULL, 138, 'bb:title', 41, 'bb:title', NULL),
(603, 'Path', NULL, 138, 'cmis:path', 5, 'cmis:path', '/Generated content/retail-banking-edition/page_1390233429406/widget-advanced-content-8658465_TitleOne'),
(604, 'Object Type', NULL, 138, 'cmis:objectTypeId', 25, 'cmis:objectTypeId', 'bb:richtext'),
(605, 'Version series checked out by', NULL, 138, 'cmis:versionSeriesCheckedOutBy', 12, 'cmis:versionSeriesCheckedOutBy', NULL),
(606, 'Version series checked out Id', NULL, 138, 'cmis:versionSeriesCheckedOutId', 15, 'cmis:versionSeriesCheckedOutId', NULL),
(607, 'Sub Title', NULL, 138, 'bb:subTitle', 40, 'bb:subTitle', NULL),
(608, 'Version series Id', NULL, 138, 'cmis:versionSeriesId', 3, 'cmis:versionSeriesId', '72c013c7-7ad1-4508-80fd-89714afa98ac'),
(609, 'Latest version', NULL, 138, 'cmis:isLatestVersion', 4, 'cmis:isLatestVersion', 'true'),
(610, 'Version', NULL, 138, 'cmis:versionLabel', 21, 'cmis:versionLabel', '1.0'),
(611, 'Version series checked out', NULL, 138, 'cmis:isVersionSeriesCheckedOut', 18, 'cmis:isVersionSeriesCheckedOut', NULL),
(612, 'Last Modifed By', NULL, 138, 'cmis:lastModifiedBy', 20, 'cmis:lastModifiedBy', 'admin'),
(613, 'Change Token', NULL, 138, 'cmis:changetoken', 22, 'cmis:changetoken', NULL),
(614, 'Created By', NULL, 138, 'cmis:createdBy', 11, 'cmis:createdBy', 'admin'),
(615, 'Latest major version', NULL, 138, 'cmis:isLatestMajorVersion', 8, 'cmis:isLatestMajorVersion', 'true');   
INSERT INTO PUBLIC.PROPERTY_DATA(ID, DISPLAYNAME, LOCALNAME, OBJECT_DATA_ID, OBJECTID, PROPERTY_DEFINITION_ID, QUERYNAME, VALUE) VALUES
(616, 'Content stream id', NULL, 138, 'cmis:contentStreamId', 13, 'cmis:contentStreamId', NULL),
(617, 'Name', NULL, 138, 'cmis:name', 19, 'cmis:name', 'widget-advanced-content-8658465_TitleOne'),
(618, 'Content stream mime type', NULL, 138, 'cmis:contentStreamMimeType', 6, 'cmis:contentStreamMimeType', 'text/html; charset=UTF-8'),
(619, 'Creation Date', NULL, 138, 'cmis:creationDate', 16, 'cmis:creationDate', '2014-01-21 10:55:17 +0100'),
(620, 'Checkin comment', NULL, 138, 'cmis:checkinComment', 10, 'cmis:checkinComment', NULL),
(621, 'Object Id', NULL, 138, 'cmis:objectId', 23, 'cmis:objectId', '01112c31-8e50-471c-9203-2236f704ed70'),
(622, 'Description', NULL, 138, 'bb:description', 42, 'bb:description', NULL),
(623, 'Immutable', NULL, 138, 'cmis:isImmutable', 14, 'cmis:isImmutable', NULL),
(624, 'Major version', NULL, 138, 'cmis:isMajorVersion', 17, 'cmis:isMajorVersion', 'true'),
(625, 'Base Type', NULL, 138, 'cmis:baseTypeId', 1, 'cmis:baseTypeId', 'cmis:document'),
(626, 'Last Modification Date', NULL, 138, 'cmis:lastModificationDate', 9, 'cmis:lastModificationDate', '2014-01-21 12:47:51 +0100'),
(627, 'Parent Id', NULL, 138, 'cmis:parentId', 7, 'cmis:parentId', '05bcf439-9278-448f-85ef-ba26987dc1e8'),
(628, 'Content stream file name', NULL, 138, 'cmis:contentStreamFileName', 24, 'cmis:contentStreamFileName', 'widget-advanced-content-8658465_TitleOne'),
(629, 'Content stream length', NULL, 139, 'cmis:contentStreamLength', 2, 'cmis:contentStreamLength', '49'),
(630, 'Version series checked out by', NULL, 139, 'cmis:versionSeriesCheckedOutBy', 12, 'cmis:versionSeriesCheckedOutBy', NULL),
(631, 'Path', NULL, 139, 'cmis:path', 5, 'cmis:path', '/Generated content/retail-banking-edition/page_1390233429406/widget-advanced-content-8658465_SubTitleOne'),
(632, 'Title', NULL, 139, 'bb:title', 41, 'bb:title', NULL),
(633, 'Object Type', NULL, 139, 'cmis:objectTypeId', 25, 'cmis:objectTypeId', 'bb:richtext'),
(634, 'Version series checked out Id', NULL, 139, 'cmis:versionSeriesCheckedOutId', 15, 'cmis:versionSeriesCheckedOutId', NULL),
(635, 'Sub Title', NULL, 139, 'bb:subTitle', 40, 'bb:subTitle', NULL),
(636, 'Version series Id', NULL, 139, 'cmis:versionSeriesId', 3, 'cmis:versionSeriesId', '7834f007-1694-4bc9-97ef-1236b2373d89'),
(637, 'Latest version', NULL, 139, 'cmis:isLatestVersion', 4, 'cmis:isLatestVersion', 'true'),
(638, 'Version', NULL, 139, 'cmis:versionLabel', 21, 'cmis:versionLabel', '1.0'),
(639, 'Version series checked out', NULL, 139, 'cmis:isVersionSeriesCheckedOut', 18, 'cmis:isVersionSeriesCheckedOut', NULL),
(640, 'Last Modifed By', NULL, 139, 'cmis:lastModifiedBy', 20, 'cmis:lastModifiedBy', 'admin'),
(641, 'Change Token', NULL, 139, 'cmis:changetoken', 22, 'cmis:changetoken', NULL),
(642, 'Created By', NULL, 139, 'cmis:createdBy', 11, 'cmis:createdBy', 'admin'),
(643, 'Latest major version', NULL, 139, 'cmis:isLatestMajorVersion', 8, 'cmis:isLatestMajorVersion', 'true'),
(644, 'Content stream id', NULL, 139, 'cmis:contentStreamId', 13, 'cmis:contentStreamId', NULL),
(645, 'Name', NULL, 139, 'cmis:name', 19, 'cmis:name', 'widget-advanced-content-8658465_SubTitleOne'),
(646, 'Content stream mime type', NULL, 139, 'cmis:contentStreamMimeType', 6, 'cmis:contentStreamMimeType', 'text/html; charset=utf-8'),
(647, 'Creation Date', NULL, 139, 'cmis:creationDate', 16, 'cmis:creationDate', '2014-01-21 10:55:29 +0100'),
(648, 'Checkin comment', NULL, 139, 'cmis:checkinComment', 10, 'cmis:checkinComment', NULL),
(649, 'Object Id', NULL, 139, 'cmis:objectId', 23, 'cmis:objectId', 'ddefcb45-a6a4-42c6-aad4-39eaf0cd5cad'),
(650, 'Description', NULL, 139, 'bb:description', 42, 'bb:description', NULL),
(651, 'Major version', NULL, 139, 'cmis:isMajorVersion', 17, 'cmis:isMajorVersion', 'true'),
(652, 'Immutable', NULL, 139, 'cmis:isImmutable', 14, 'cmis:isImmutable', NULL),
(653, 'Base Type', NULL, 139, 'cmis:baseTypeId', 1, 'cmis:baseTypeId', 'cmis:document'),
(654, 'Content stream file name', NULL, 139, 'cmis:contentStreamFileName', 24, 'cmis:contentStreamFileName', 'widget-advanced-content-8658465_SubTitleOne');           
INSERT INTO PUBLIC.PROPERTY_DATA(ID, DISPLAYNAME, LOCALNAME, OBJECT_DATA_ID, OBJECTID, PROPERTY_DEFINITION_ID, QUERYNAME, VALUE) VALUES
(655, 'Parent Id', NULL, 139, 'cmis:parentId', 7, 'cmis:parentId', '05bcf439-9278-448f-85ef-ba26987dc1e8'),
(656, 'Last Modification Date', NULL, 139, 'cmis:lastModificationDate', 9, 'cmis:lastModificationDate', '2014-01-21 10:55:29 +0100'),
(657, 'Content stream length', NULL, 140, 'cmis:contentStreamLength', 2, 'cmis:contentStreamLength', '166'),
(658, 'Path', NULL, 140, 'cmis:path', 5, 'cmis:path', '/Generated content/retail-banking-edition/page_1390233429406/widget-advanced-content-8658465_DescriptionOne'),
(659, 'Title', NULL, 140, 'bb:title', 41, 'bb:title', NULL),
(660, 'Version series checked out by', NULL, 140, 'cmis:versionSeriesCheckedOutBy', 12, 'cmis:versionSeriesCheckedOutBy', NULL),
(661, 'Object Type', NULL, 140, 'cmis:objectTypeId', 25, 'cmis:objectTypeId', 'bb:richtext'),
(662, 'Version series checked out Id', NULL, 140, 'cmis:versionSeriesCheckedOutId', 15, 'cmis:versionSeriesCheckedOutId', NULL),
(663, 'Sub Title', NULL, 140, 'bb:subTitle', 40, 'bb:subTitle', NULL),
(664, 'Version series Id', NULL, 140, 'cmis:versionSeriesId', 3, 'cmis:versionSeriesId', '69a4b9ad-fa21-465f-8fd4-c9e479945971'),
(665, 'Latest version', NULL, 140, 'cmis:isLatestVersion', 4, 'cmis:isLatestVersion', 'true'),
(666, 'Version', NULL, 140, 'cmis:versionLabel', 21, 'cmis:versionLabel', '1.0'),
(667, 'Version series checked out', NULL, 140, 'cmis:isVersionSeriesCheckedOut', 18, 'cmis:isVersionSeriesCheckedOut', NULL),
(668, 'Last Modifed By', NULL, 140, 'cmis:lastModifiedBy', 20, 'cmis:lastModifiedBy', 'admin'),
(669, 'Change Token', NULL, 140, 'cmis:changetoken', 22, 'cmis:changetoken', NULL),
(670, 'Created By', NULL, 140, 'cmis:createdBy', 11, 'cmis:createdBy', 'admin'),
(671, 'Latest major version', NULL, 140, 'cmis:isLatestMajorVersion', 8, 'cmis:isLatestMajorVersion', 'true'),
(672, 'Content stream id', NULL, 140, 'cmis:contentStreamId', 13, 'cmis:contentStreamId', NULL),
(673, 'Name', NULL, 140, 'cmis:name', 19, 'cmis:name', 'widget-advanced-content-8658465_DescriptionOne'),
(674, 'Content stream mime type', NULL, 140, 'cmis:contentStreamMimeType', 6, 'cmis:contentStreamMimeType', 'text/html; charset=utf-8'),
(675, 'Creation Date', NULL, 140, 'cmis:creationDate', 16, 'cmis:creationDate', '2014-01-21 10:55:37 +0100'),
(676, 'Checkin comment', NULL, 140, 'cmis:checkinComment', 10, 'cmis:checkinComment', NULL),
(677, 'Object Id', NULL, 140, 'cmis:objectId', 23, 'cmis:objectId', 'e964a103-1b94-43d0-85f5-65d52cd91aeb'),
(678, 'Description', NULL, 140, 'bb:description', 42, 'bb:description', NULL),
(679, 'Major version', NULL, 140, 'cmis:isMajorVersion', 17, 'cmis:isMajorVersion', 'true'),
(680, 'Immutable', NULL, 140, 'cmis:isImmutable', 14, 'cmis:isImmutable', NULL),
(681, 'Base Type', NULL, 140, 'cmis:baseTypeId', 1, 'cmis:baseTypeId', 'cmis:document'),
(682, 'Parent Id', NULL, 140, 'cmis:parentId', 7, 'cmis:parentId', '05bcf439-9278-448f-85ef-ba26987dc1e8'),
(683, 'Content stream file name', NULL, 140, 'cmis:contentStreamFileName', 24, 'cmis:contentStreamFileName', 'widget-advanced-content-8658465_DescriptionOne'),
(684, 'Last Modification Date', NULL, 140, 'cmis:lastModificationDate', 9, 'cmis:lastModificationDate', '2014-01-21 10:55:37 +0100'),
(685, 'Content stream length', NULL, 141, 'cmis:contentStreamLength', 2, 'cmis:contentStreamLength', '0'),
(686, 'Url', NULL, 141, 'bb:url', 50, 'bb:url', ''),
(687, 'Path', NULL, 141, 'cmis:path', 5, 'cmis:path', '/Generated content/retail-banking-edition/page_1390233429406/widget-advanced-content-8658465_LinkOne'),
(688, 'Title', NULL, 141, 'bb:title', 52, 'bb:title', 'Apply Now'),
(689, 'Version series checked out by', NULL, 141, 'cmis:versionSeriesCheckedOutBy', 12, 'cmis:versionSeriesCheckedOutBy', NULL),
(690, 'Object Type', NULL, 141, 'cmis:objectTypeId', 25, 'cmis:objectTypeId', 'bb:link'),
(691, 'Version series checked out Id', NULL, 141, 'cmis:versionSeriesCheckedOutId', 15, 'cmis:versionSeriesCheckedOutId', NULL),
(692, 'Sub Title', NULL, 141, 'bb:subTitle', 51, 'bb:subTitle', ''); 
INSERT INTO PUBLIC.PROPERTY_DATA(ID, DISPLAYNAME, LOCALNAME, OBJECT_DATA_ID, OBJECTID, PROPERTY_DEFINITION_ID, QUERYNAME, VALUE) VALUES
(693, 'Version series Id', NULL, 141, 'cmis:versionSeriesId', 3, 'cmis:versionSeriesId', 'd32e3dcd-423a-4dbb-b318-2abb71153ebe'),
(694, 'Version', NULL, 141, 'cmis:versionLabel', 21, 'cmis:versionLabel', '1.0'),
(695, 'Latest version', NULL, 141, 'cmis:isLatestVersion', 4, 'cmis:isLatestVersion', 'true'),
(696, 'Version series checked out', NULL, 141, 'cmis:isVersionSeriesCheckedOut', 18, 'cmis:isVersionSeriesCheckedOut', NULL),
(697, 'Last Modifed By', NULL, 141, 'cmis:lastModifiedBy', 20, 'cmis:lastModifiedBy', 'admin'),
(698, 'Change Token', NULL, 141, 'cmis:changetoken', 22, 'cmis:changetoken', NULL),
(699, 'Created By', NULL, 141, 'cmis:createdBy', 11, 'cmis:createdBy', 'admin'),
(700, 'Latest major version', NULL, 141, 'cmis:isLatestMajorVersion', 8, 'cmis:isLatestMajorVersion', 'true'),
(701, 'Content stream id', NULL, 141, 'cmis:contentStreamId', 13, 'cmis:contentStreamId', NULL),
(702, 'Name', NULL, 141, 'cmis:name', 19, 'cmis:name', 'widget-advanced-content-8658465_LinkOne'),
(703, 'Content stream mime type', NULL, 141, 'cmis:contentStreamMimeType', 6, 'cmis:contentStreamMimeType', ''),
(704, 'Creation Date', NULL, 141, 'cmis:creationDate', 16, 'cmis:creationDate', '2014-01-21 10:55:47 +0100'),
(705, 'Checkin comment', NULL, 141, 'cmis:checkinComment', 10, 'cmis:checkinComment', NULL),
(706, 'Object Id', NULL, 141, 'cmis:objectId', 23, 'cmis:objectId', '107f4087-7f20-442b-8c78-d8e75dc71380'),
(707, 'Immutable', NULL, 141, 'cmis:isImmutable', 14, 'cmis:isImmutable', NULL),
(708, 'Major version', NULL, 141, 'cmis:isMajorVersion', 17, 'cmis:isMajorVersion', 'true'),
(709, 'Base Type', NULL, 141, 'cmis:baseTypeId', 1, 'cmis:baseTypeId', 'cmis:document'),
(710, 'Parent Id', NULL, 141, 'cmis:parentId', 7, 'cmis:parentId', '05bcf439-9278-448f-85ef-ba26987dc1e8'),
(711, 'Last Modification Date', NULL, 141, 'cmis:lastModificationDate', 9, 'cmis:lastModificationDate', '2014-01-21 10:55:47 +0100'),
(712, 'Content stream file name', NULL, 141, 'cmis:contentStreamFileName', 24, 'cmis:contentStreamFileName', 'widget-advanced-content-8658465_LinkOne'),
(737, 'Url', NULL, 161, 'bb:url', 50, 'bb:url', ''),
(738, 'Content stream length', NULL, 161, 'cmis:contentStreamLength', 2, 'cmis:contentStreamLength', '0'),
(739, 'Path', NULL, 161, 'cmis:path', 5, 'cmis:path', '/Generated content/retail-banking-edition/page_1390233429406/widget-advanced-content-4128897_LinkOne'),
(740, 'Title', NULL, 161, 'bb:title', 52, 'bb:title', 'Apply now'),
(741, 'Version series checked out by', NULL, 161, 'cmis:versionSeriesCheckedOutBy', 12, 'cmis:versionSeriesCheckedOutBy', NULL),
(742, 'Object Type', NULL, 161, 'cmis:objectTypeId', 25, 'cmis:objectTypeId', 'bb:link'),
(743, 'Version series checked out Id', NULL, 161, 'cmis:versionSeriesCheckedOutId', 15, 'cmis:versionSeriesCheckedOutId', NULL),
(744, 'Sub Title', NULL, 161, 'bb:subTitle', 51, 'bb:subTitle', ''),
(745, 'Version series Id', NULL, 161, 'cmis:versionSeriesId', 3, 'cmis:versionSeriesId', 'a843c27c-b383-49dd-99cd-5ae9a5efe270'),
(746, 'Version', NULL, 161, 'cmis:versionLabel', 21, 'cmis:versionLabel', '1.0'),
(747, 'Latest version', NULL, 161, 'cmis:isLatestVersion', 4, 'cmis:isLatestVersion', 'true'),
(748, 'Version series checked out', NULL, 161, 'cmis:isVersionSeriesCheckedOut', 18, 'cmis:isVersionSeriesCheckedOut', NULL),
(749, 'Last Modifed By', NULL, 161, 'cmis:lastModifiedBy', 20, 'cmis:lastModifiedBy', 'admin'),
(750, 'Change Token', NULL, 161, 'cmis:changetoken', 22, 'cmis:changetoken', NULL),
(751, 'Created By', NULL, 161, 'cmis:createdBy', 11, 'cmis:createdBy', 'admin'),
(752, 'Latest major version', NULL, 161, 'cmis:isLatestMajorVersion', 8, 'cmis:isLatestMajorVersion', 'true'),
(753, 'Content stream id', NULL, 161, 'cmis:contentStreamId', 13, 'cmis:contentStreamId', NULL),
(754, 'Name', NULL, 161, 'cmis:name', 19, 'cmis:name', 'widget-advanced-content-4128897_LinkOne'),
(755, 'Content stream mime type', NULL, 161, 'cmis:contentStreamMimeType', 6, 'cmis:contentStreamMimeType', '');     
INSERT INTO PUBLIC.PROPERTY_DATA(ID, DISPLAYNAME, LOCALNAME, OBJECT_DATA_ID, OBJECTID, PROPERTY_DEFINITION_ID, QUERYNAME, VALUE) VALUES
(756, 'Creation Date', NULL, 161, 'cmis:creationDate', 16, 'cmis:creationDate', '2014-01-21 12:46:46 +0100'),
(757, 'Checkin comment', NULL, 161, 'cmis:checkinComment', 10, 'cmis:checkinComment', NULL),
(758, 'Object Id', NULL, 161, 'cmis:objectId', 23, 'cmis:objectId', '54f43512-f45d-4e9a-bcfb-195c71ae2219'),
(759, 'Major version', NULL, 161, 'cmis:isMajorVersion', 17, 'cmis:isMajorVersion', 'true'),
(760, 'Immutable', NULL, 161, 'cmis:isImmutable', 14, 'cmis:isImmutable', NULL),
(761, 'Base Type', NULL, 161, 'cmis:baseTypeId', 1, 'cmis:baseTypeId', 'cmis:document'),
(762, 'Parent Id', NULL, 161, 'cmis:parentId', 7, 'cmis:parentId', '05bcf439-9278-448f-85ef-ba26987dc1e8'),
(763, 'Last Modification Date', NULL, 161, 'cmis:lastModificationDate', 9, 'cmis:lastModificationDate', '2014-01-21 12:46:46 +0100'),
(764, 'Content stream file name', NULL, 161, 'cmis:contentStreamFileName', 24, 'cmis:contentStreamFileName', 'widget-advanced-content-4128897_LinkOne'),
(769, 'Content stream length', NULL, 193, 'cmis:contentStreamLength', 2, 'cmis:contentStreamLength', '30'),
(770, 'Version series checked out by', NULL, 193, 'cmis:versionSeriesCheckedOutBy', 12, 'cmis:versionSeriesCheckedOutBy', NULL),
(771, 'Object Type', NULL, 193, 'cmis:objectTypeId', 25, 'cmis:objectTypeId', 'bb:richtext'),
(772, 'Path', NULL, 193, 'cmis:path', 5, 'cmis:path', '/Generated content/retail-banking-edition/page_1390233429406/widget-advanced-content-8519667_TitleOne'),
(773, 'Title', NULL, 193, 'bb:title', 41, 'bb:title', NULL),
(774, 'Version series checked out Id', NULL, 193, 'cmis:versionSeriesCheckedOutId', 15, 'cmis:versionSeriesCheckedOutId', NULL),
(775, 'Sub Title', NULL, 193, 'bb:subTitle', 40, 'bb:subTitle', NULL),
(776, 'Version series Id', NULL, 193, 'cmis:versionSeriesId', 3, 'cmis:versionSeriesId', '039298db-974e-4d83-90df-8302cabcefdf'),
(777, 'Latest version', NULL, 193, 'cmis:isLatestVersion', 4, 'cmis:isLatestVersion', 'true'),
(778, 'Version', NULL, 193, 'cmis:versionLabel', 21, 'cmis:versionLabel', '1.0'),
(779, 'Version series checked out', NULL, 193, 'cmis:isVersionSeriesCheckedOut', 18, 'cmis:isVersionSeriesCheckedOut', NULL),
(780, 'Last Modifed By', NULL, 193, 'cmis:lastModifiedBy', 20, 'cmis:lastModifiedBy', 'admin'),
(781, 'Change Token', NULL, 193, 'cmis:changetoken', 22, 'cmis:changetoken', NULL),
(782, 'Created By', NULL, 193, 'cmis:createdBy', 11, 'cmis:createdBy', 'admin'),
(783, 'Latest major version', NULL, 193, 'cmis:isLatestMajorVersion', 8, 'cmis:isLatestMajorVersion', 'true'),
(784, 'Content stream id', NULL, 193, 'cmis:contentStreamId', 13, 'cmis:contentStreamId', NULL),
(785, 'Name', NULL, 193, 'cmis:name', 19, 'cmis:name', 'widget-advanced-content-8519667_TitleOne'),
(786, 'Content stream mime type', NULL, 193, 'cmis:contentStreamMimeType', 6, 'cmis:contentStreamMimeType', 'text/html; charset=utf-8'),
(787, 'Creation Date', NULL, 193, 'cmis:creationDate', 16, 'cmis:creationDate', '2014-01-23 21:41:05 +0100'),
(788, 'Checkin comment', NULL, 193, 'cmis:checkinComment', 10, 'cmis:checkinComment', NULL),
(789, 'Object Id', NULL, 193, 'cmis:objectId', 23, 'cmis:objectId', '35a752a4-426c-4f42-b39d-af6ebfe612b4'),
(790, 'Description', NULL, 193, 'bb:description', 42, 'bb:description', NULL),
(791, 'Immutable', NULL, 193, 'cmis:isImmutable', 14, 'cmis:isImmutable', NULL),
(792, 'Major version', NULL, 193, 'cmis:isMajorVersion', 17, 'cmis:isMajorVersion', 'true'),
(793, 'Base Type', NULL, 193, 'cmis:baseTypeId', 1, 'cmis:baseTypeId', 'cmis:document'),
(794, 'Content stream file name', NULL, 193, 'cmis:contentStreamFileName', 24, 'cmis:contentStreamFileName', 'widget-advanced-content-8519667_TitleOne'),
(795, 'Last Modification Date', NULL, 193, 'cmis:lastModificationDate', 9, 'cmis:lastModificationDate', '2014-01-23 21:41:05 +0100'),
(796, 'Parent Id', NULL, 193, 'cmis:parentId', 7, 'cmis:parentId', '05bcf439-9278-448f-85ef-ba26987dc1e8'),
(797, 'Content stream length', NULL, 194, 'cmis:contentStreamLength', 2, 'cmis:contentStreamLength', '52');    
INSERT INTO PUBLIC.PROPERTY_DATA(ID, DISPLAYNAME, LOCALNAME, OBJECT_DATA_ID, OBJECTID, PROPERTY_DEFINITION_ID, QUERYNAME, VALUE) VALUES
(798, 'Title', NULL, 194, 'bb:title', 41, 'bb:title', NULL),
(799, 'Object Type', NULL, 194, 'cmis:objectTypeId', 25, 'cmis:objectTypeId', 'bb:richtext'),
(800, 'Version series checked out by', NULL, 194, 'cmis:versionSeriesCheckedOutBy', 12, 'cmis:versionSeriesCheckedOutBy', NULL),
(801, 'Path', NULL, 194, 'cmis:path', 5, 'cmis:path', '/Generated content/retail-banking-edition/page_1390233429406/widget-advanced-content-8519667_SubTitleOne'),
(802, 'Version series checked out Id', NULL, 194, 'cmis:versionSeriesCheckedOutId', 15, 'cmis:versionSeriesCheckedOutId', NULL),
(803, 'Sub Title', NULL, 194, 'bb:subTitle', 40, 'bb:subTitle', NULL),
(804, 'Version series Id', NULL, 194, 'cmis:versionSeriesId', 3, 'cmis:versionSeriesId', '2e58b88d-0a98-45df-b7b9-d7dd483c8049'),
(805, 'Version', NULL, 194, 'cmis:versionLabel', 21, 'cmis:versionLabel', '1.0'),
(806, 'Latest version', NULL, 194, 'cmis:isLatestVersion', 4, 'cmis:isLatestVersion', 'true'),
(807, 'Version series checked out', NULL, 194, 'cmis:isVersionSeriesCheckedOut', 18, 'cmis:isVersionSeriesCheckedOut', NULL),
(808, 'Last Modifed By', NULL, 194, 'cmis:lastModifiedBy', 20, 'cmis:lastModifiedBy', 'admin'),
(809, 'Change Token', NULL, 194, 'cmis:changetoken', 22, 'cmis:changetoken', NULL),
(810, 'Created By', NULL, 194, 'cmis:createdBy', 11, 'cmis:createdBy', 'admin'),
(811, 'Latest major version', NULL, 194, 'cmis:isLatestMajorVersion', 8, 'cmis:isLatestMajorVersion', 'true'),
(812, 'Content stream id', NULL, 194, 'cmis:contentStreamId', 13, 'cmis:contentStreamId', NULL),
(813, 'Name', NULL, 194, 'cmis:name', 19, 'cmis:name', 'widget-advanced-content-8519667_SubTitleOne'),
(814, 'Content stream mime type', NULL, 194, 'cmis:contentStreamMimeType', 6, 'cmis:contentStreamMimeType', 'text/html; charset=UTF-8'),
(815, 'Creation Date', NULL, 194, 'cmis:creationDate', 16, 'cmis:creationDate', '2014-01-23 21:41:20 +0100'),
(816, 'Checkin comment', NULL, 194, 'cmis:checkinComment', 10, 'cmis:checkinComment', NULL),
(817, 'Object Id', NULL, 194, 'cmis:objectId', 23, 'cmis:objectId', '25e367bc-3673-48a2-b6d8-0c1c5cef35d6'),
(818, 'Description', NULL, 194, 'bb:description', 42, 'bb:description', NULL),
(819, 'Immutable', NULL, 194, 'cmis:isImmutable', 14, 'cmis:isImmutable', NULL),
(820, 'Major version', NULL, 194, 'cmis:isMajorVersion', 17, 'cmis:isMajorVersion', 'true'),
(821, 'Base Type', NULL, 194, 'cmis:baseTypeId', 1, 'cmis:baseTypeId', 'cmis:document'),
(822, 'Last Modification Date', NULL, 194, 'cmis:lastModificationDate', 9, 'cmis:lastModificationDate', '2014-01-23 21:41:22 +0100'),
(823, 'Parent Id', NULL, 194, 'cmis:parentId', 7, 'cmis:parentId', '05bcf439-9278-448f-85ef-ba26987dc1e8'),
(824, 'Content stream file name', NULL, 194, 'cmis:contentStreamFileName', 24, 'cmis:contentStreamFileName', 'widget-advanced-content-8519667_SubTitleOne'),
(825, 'Url', NULL, 195, 'bb:url', 50, 'bb:url', ''),
(826, 'Content stream length', NULL, 195, 'cmis:contentStreamLength', 2, 'cmis:contentStreamLength', '0'),
(827, 'Object Type', NULL, 195, 'cmis:objectTypeId', 25, 'cmis:objectTypeId', 'bb:link'),
(828, 'Title', NULL, 195, 'bb:title', 52, 'bb:title', 'Find out more'),
(829, 'Version series checked out by', NULL, 195, 'cmis:versionSeriesCheckedOutBy', 12, 'cmis:versionSeriesCheckedOutBy', NULL),
(830, 'Path', NULL, 195, 'cmis:path', 5, 'cmis:path', '/Generated content/retail-banking-edition/page_1390233429406/widget-advanced-content-8519667_LinkOne'),
(831, 'Version series checked out Id', NULL, 195, 'cmis:versionSeriesCheckedOutId', 15, 'cmis:versionSeriesCheckedOutId', NULL),
(832, 'Sub Title', NULL, 195, 'bb:subTitle', 51, 'bb:subTitle', ''),
(833, 'Version series Id', NULL, 195, 'cmis:versionSeriesId', 3, 'cmis:versionSeriesId', '467f850f-1146-4653-b0e5-913af88c0f75'),
(834, 'Latest version', NULL, 195, 'cmis:isLatestVersion', 4, 'cmis:isLatestVersion', 'true'),
(835, 'Version', NULL, 195, 'cmis:versionLabel', 21, 'cmis:versionLabel', '1.0'),
(836, 'Version series checked out', NULL, 195, 'cmis:isVersionSeriesCheckedOut', 18, 'cmis:isVersionSeriesCheckedOut', NULL);    
INSERT INTO PUBLIC.PROPERTY_DATA(ID, DISPLAYNAME, LOCALNAME, OBJECT_DATA_ID, OBJECTID, PROPERTY_DEFINITION_ID, QUERYNAME, VALUE) VALUES
(837, 'Last Modifed By', NULL, 195, 'cmis:lastModifiedBy', 20, 'cmis:lastModifiedBy', 'admin'),
(838, 'Change Token', NULL, 195, 'cmis:changetoken', 22, 'cmis:changetoken', NULL),
(839, 'Created By', NULL, 195, 'cmis:createdBy', 11, 'cmis:createdBy', 'admin'),
(840, 'Latest major version', NULL, 195, 'cmis:isLatestMajorVersion', 8, 'cmis:isLatestMajorVersion', 'true'),
(841, 'Content stream id', NULL, 195, 'cmis:contentStreamId', 13, 'cmis:contentStreamId', NULL),
(842, 'Name', NULL, 195, 'cmis:name', 19, 'cmis:name', 'widget-advanced-content-8519667_LinkOne'),
(843, 'Content stream mime type', NULL, 195, 'cmis:contentStreamMimeType', 6, 'cmis:contentStreamMimeType', ''),
(844, 'Creation Date', NULL, 195, 'cmis:creationDate', 16, 'cmis:creationDate', '2014-01-23 21:41:31 +0100'),
(845, 'Checkin comment', NULL, 195, 'cmis:checkinComment', 10, 'cmis:checkinComment', NULL),
(846, 'Object Id', NULL, 195, 'cmis:objectId', 23, 'cmis:objectId', '4cd098a2-b50b-40eb-b477-e369aa81e84f'),
(847, 'Major version', NULL, 195, 'cmis:isMajorVersion', 17, 'cmis:isMajorVersion', 'true'),
(848, 'Immutable', NULL, 195, 'cmis:isImmutable', 14, 'cmis:isImmutable', NULL),
(849, 'Base Type', NULL, 195, 'cmis:baseTypeId', 1, 'cmis:baseTypeId', 'cmis:document'),
(850, 'Last Modification Date', NULL, 195, 'cmis:lastModificationDate', 9, 'cmis:lastModificationDate', '2014-01-23 21:41:31 +0100'),
(851, 'Content stream file name', NULL, 195, 'cmis:contentStreamFileName', 24, 'cmis:contentStreamFileName', 'widget-advanced-content-8519667_LinkOne'),
(852, 'Parent Id', NULL, 195, 'cmis:parentId', 7, 'cmis:parentId', '05bcf439-9278-448f-85ef-ba26987dc1e8'),
(853, 'Content stream length', NULL, 196, 'cmis:contentStreamLength', 2, 'cmis:contentStreamLength', '168'),
(854, 'Version series checked out by', NULL, 196, 'cmis:versionSeriesCheckedOutBy', 12, 'cmis:versionSeriesCheckedOutBy', NULL),
(855, 'Title', NULL, 196, 'bb:title', 41, 'bb:title', NULL),
(856, 'Object Type', NULL, 196, 'cmis:objectTypeId', 25, 'cmis:objectTypeId', 'bb:richtext'),
(857, 'Path', NULL, 196, 'cmis:path', 5, 'cmis:path', '/Generated content/retail-banking-edition/page_1390233429406/widget-advanced-content-8519667_DescriptionOne'),
(858, 'Version series checked out Id', NULL, 196, 'cmis:versionSeriesCheckedOutId', 15, 'cmis:versionSeriesCheckedOutId', NULL),
(859, 'Sub Title', NULL, 196, 'bb:subTitle', 40, 'bb:subTitle', NULL),
(860, 'Version series Id', NULL, 196, 'cmis:versionSeriesId', 3, 'cmis:versionSeriesId', 'd76fef10-f797-4dfa-a10e-7298ab54114a'),
(861, 'Version', NULL, 196, 'cmis:versionLabel', 21, 'cmis:versionLabel', '1.0'),
(862, 'Latest version', NULL, 196, 'cmis:isLatestVersion', 4, 'cmis:isLatestVersion', 'true'),
(863, 'Version series checked out', NULL, 196, 'cmis:isVersionSeriesCheckedOut', 18, 'cmis:isVersionSeriesCheckedOut', NULL),
(864, 'Last Modifed By', NULL, 196, 'cmis:lastModifiedBy', 20, 'cmis:lastModifiedBy', 'admin'),
(865, 'Change Token', NULL, 196, 'cmis:changetoken', 22, 'cmis:changetoken', NULL),
(866, 'Created By', NULL, 196, 'cmis:createdBy', 11, 'cmis:createdBy', 'admin'),
(867, 'Latest major version', NULL, 196, 'cmis:isLatestMajorVersion', 8, 'cmis:isLatestMajorVersion', 'true'),
(868, 'Content stream id', NULL, 196, 'cmis:contentStreamId', 13, 'cmis:contentStreamId', NULL),
(869, 'Name', NULL, 196, 'cmis:name', 19, 'cmis:name', 'widget-advanced-content-8519667_DescriptionOne'),
(870, 'Content stream mime type', NULL, 196, 'cmis:contentStreamMimeType', 6, 'cmis:contentStreamMimeType', 'text/html; charset=utf-8'),
(871, 'Creation Date', NULL, 196, 'cmis:creationDate', 16, 'cmis:creationDate', '2014-01-23 21:41:45 +0100'),
(872, 'Checkin comment', NULL, 196, 'cmis:checkinComment', 10, 'cmis:checkinComment', NULL),
(873, 'Object Id', NULL, 196, 'cmis:objectId', 23, 'cmis:objectId', '23cb4242-1cfa-42cd-b03a-921205f07a08'),
(874, 'Description', NULL, 196, 'bb:description', 42, 'bb:description', NULL),
(875, 'Immutable', NULL, 196, 'cmis:isImmutable', 14, 'cmis:isImmutable', NULL);            
INSERT INTO PUBLIC.PROPERTY_DATA(ID, DISPLAYNAME, LOCALNAME, OBJECT_DATA_ID, OBJECTID, PROPERTY_DEFINITION_ID, QUERYNAME, VALUE) VALUES
(876, 'Major version', NULL, 196, 'cmis:isMajorVersion', 17, 'cmis:isMajorVersion', 'true'),
(877, 'Base Type', NULL, 196, 'cmis:baseTypeId', 1, 'cmis:baseTypeId', 'cmis:document'),
(878, 'Content stream file name', NULL, 196, 'cmis:contentStreamFileName', 24, 'cmis:contentStreamFileName', 'widget-advanced-content-8519667_DescriptionOne'),
(879, 'Last Modification Date', NULL, 196, 'cmis:lastModificationDate', 9, 'cmis:lastModificationDate', '2014-01-23 21:41:45 +0100'),
(880, 'Parent Id', NULL, 196, 'cmis:parentId', 7, 'cmis:parentId', '05bcf439-9278-448f-85ef-ba26987dc1e8'),
(881, 'Content stream length', NULL, 197, 'cmis:contentStreamLength', 2, 'cmis:contentStreamLength', '16'),
(882, 'Title', NULL, 197, 'bb:title', 41, 'bb:title', NULL),
(883, 'Path', NULL, 197, 'cmis:path', 5, 'cmis:path', '/Generated content/retail-banking-edition/page_1390233429406/widget-advanced-content-6812459_TitleOne'),
(884, 'Version series checked out by', NULL, 197, 'cmis:versionSeriesCheckedOutBy', 12, 'cmis:versionSeriesCheckedOutBy', NULL),
(885, 'Object Type', NULL, 197, 'cmis:objectTypeId', 25, 'cmis:objectTypeId', 'bb:richtext'),
(886, 'Version series checked out Id', NULL, 197, 'cmis:versionSeriesCheckedOutId', 15, 'cmis:versionSeriesCheckedOutId', NULL),
(887, 'Sub Title', NULL, 197, 'bb:subTitle', 40, 'bb:subTitle', NULL),
(888, 'Version series Id', NULL, 197, 'cmis:versionSeriesId', 3, 'cmis:versionSeriesId', 'ffcb9ad0-37f5-4791-b153-a3b8d22df8a1'),
(889, 'Latest version', NULL, 197, 'cmis:isLatestVersion', 4, 'cmis:isLatestVersion', 'true'),
(890, 'Version', NULL, 197, 'cmis:versionLabel', 21, 'cmis:versionLabel', '1.0'),
(891, 'Version series checked out', NULL, 197, 'cmis:isVersionSeriesCheckedOut', 18, 'cmis:isVersionSeriesCheckedOut', NULL),
(892, 'Last Modifed By', NULL, 197, 'cmis:lastModifiedBy', 20, 'cmis:lastModifiedBy', 'admin'),
(893, 'Change Token', NULL, 197, 'cmis:changetoken', 22, 'cmis:changetoken', NULL),
(894, 'Created By', NULL, 197, 'cmis:createdBy', 11, 'cmis:createdBy', 'admin'),
(895, 'Latest major version', NULL, 197, 'cmis:isLatestMajorVersion', 8, 'cmis:isLatestMajorVersion', 'true'),
(896, 'Content stream id', NULL, 197, 'cmis:contentStreamId', 13, 'cmis:contentStreamId', NULL),
(897, 'Name', NULL, 197, 'cmis:name', 19, 'cmis:name', 'widget-advanced-content-6812459_TitleOne'),
(898, 'Content stream mime type', NULL, 197, 'cmis:contentStreamMimeType', 6, 'cmis:contentStreamMimeType', 'text/html; charset=utf-8'),
(899, 'Creation Date', NULL, 197, 'cmis:creationDate', 16, 'cmis:creationDate', '2014-01-23 21:42:02 +0100'),
(900, 'Checkin comment', NULL, 197, 'cmis:checkinComment', 10, 'cmis:checkinComment', NULL),
(901, 'Object Id', NULL, 197, 'cmis:objectId', 23, 'cmis:objectId', '9f889ab7-17b6-4d8c-a0c5-cb1f9406258d'),
(902, 'Description', NULL, 197, 'bb:description', 42, 'bb:description', NULL),
(903, 'Immutable', NULL, 197, 'cmis:isImmutable', 14, 'cmis:isImmutable', NULL),
(904, 'Major version', NULL, 197, 'cmis:isMajorVersion', 17, 'cmis:isMajorVersion', 'true'),
(905, 'Base Type', NULL, 197, 'cmis:baseTypeId', 1, 'cmis:baseTypeId', 'cmis:document'),
(906, 'Last Modification Date', NULL, 197, 'cmis:lastModificationDate', 9, 'cmis:lastModificationDate', '2014-01-23 21:42:02 +0100'),
(907, 'Content stream file name', NULL, 197, 'cmis:contentStreamFileName', 24, 'cmis:contentStreamFileName', 'widget-advanced-content-6812459_TitleOne'),
(908, 'Parent Id', NULL, 197, 'cmis:parentId', 7, 'cmis:parentId', '05bcf439-9278-448f-85ef-ba26987dc1e8'),
(909, 'Content stream length', NULL, 198, 'cmis:contentStreamLength', 2, 'cmis:contentStreamLength', '60'),
(910, 'Path', NULL, 198, 'cmis:path', 5, 'cmis:path', '/Generated content/retail-banking-edition/page_1390233429406/widget-advanced-content-6812459_SubTitleOne'),
(911, 'Title', NULL, 198, 'bb:title', 41, 'bb:title', NULL),
(912, 'Version series checked out by', NULL, 198, 'cmis:versionSeriesCheckedOutBy', 12, 'cmis:versionSeriesCheckedOutBy', NULL);     
INSERT INTO PUBLIC.PROPERTY_DATA(ID, DISPLAYNAME, LOCALNAME, OBJECT_DATA_ID, OBJECTID, PROPERTY_DEFINITION_ID, QUERYNAME, VALUE) VALUES
(913, 'Object Type', NULL, 198, 'cmis:objectTypeId', 25, 'cmis:objectTypeId', 'bb:richtext'),
(914, 'Version series checked out Id', NULL, 198, 'cmis:versionSeriesCheckedOutId', 15, 'cmis:versionSeriesCheckedOutId', NULL),
(915, 'Sub Title', NULL, 198, 'bb:subTitle', 40, 'bb:subTitle', NULL),
(916, 'Version series Id', NULL, 198, 'cmis:versionSeriesId', 3, 'cmis:versionSeriesId', 'a0ab32fa-d909-407c-8721-91adecab0d21'),
(917, 'Latest version', NULL, 198, 'cmis:isLatestVersion', 4, 'cmis:isLatestVersion', 'true'),
(918, 'Version', NULL, 198, 'cmis:versionLabel', 21, 'cmis:versionLabel', '1.0'),
(919, 'Version series checked out', NULL, 198, 'cmis:isVersionSeriesCheckedOut', 18, 'cmis:isVersionSeriesCheckedOut', NULL),
(920, 'Last Modifed By', NULL, 198, 'cmis:lastModifiedBy', 20, 'cmis:lastModifiedBy', 'admin'),
(921, 'Change Token', NULL, 198, 'cmis:changetoken', 22, 'cmis:changetoken', NULL),
(922, 'Created By', NULL, 198, 'cmis:createdBy', 11, 'cmis:createdBy', 'admin'),
(923, 'Latest major version', NULL, 198, 'cmis:isLatestMajorVersion', 8, 'cmis:isLatestMajorVersion', 'true'),
(924, 'Content stream id', NULL, 198, 'cmis:contentStreamId', 13, 'cmis:contentStreamId', NULL),
(925, 'Name', NULL, 198, 'cmis:name', 19, 'cmis:name', 'widget-advanced-content-6812459_SubTitleOne'),
(926, 'Content stream mime type', NULL, 198, 'cmis:contentStreamMimeType', 6, 'cmis:contentStreamMimeType', 'text/html; charset=UTF-8'),
(927, 'Creation Date', NULL, 198, 'cmis:creationDate', 16, 'cmis:creationDate', '2014-01-23 21:42:20 +0100'),
(928, 'Checkin comment', NULL, 198, 'cmis:checkinComment', 10, 'cmis:checkinComment', NULL),
(929, 'Description', NULL, 198, 'bb:description', 42, 'bb:description', NULL),
(930, 'Object Id', NULL, 198, 'cmis:objectId', 23, 'cmis:objectId', 'e38467ea-d78c-4ea2-90d7-8bb372d1986a'),
(931, 'Major version', NULL, 198, 'cmis:isMajorVersion', 17, 'cmis:isMajorVersion', 'true'),
(932, 'Immutable', NULL, 198, 'cmis:isImmutable', 14, 'cmis:isImmutable', NULL),
(933, 'Base Type', NULL, 198, 'cmis:baseTypeId', 1, 'cmis:baseTypeId', 'cmis:document'),
(934, 'Last Modification Date', NULL, 198, 'cmis:lastModificationDate', 9, 'cmis:lastModificationDate', '2014-01-23 21:42:49 +0100'),
(935, 'Content stream file name', NULL, 198, 'cmis:contentStreamFileName', 24, 'cmis:contentStreamFileName', 'widget-advanced-content-6812459_SubTitleOne'),
(936, 'Parent Id', NULL, 198, 'cmis:parentId', 7, 'cmis:parentId', '05bcf439-9278-448f-85ef-ba26987dc1e8'),
(937, 'Content stream length', NULL, 199, 'cmis:contentStreamLength', 2, 'cmis:contentStreamLength', '0'),
(938, 'Url', NULL, 199, 'bb:url', 50, 'bb:url', ''),
(939, 'Path', NULL, 199, 'cmis:path', 5, 'cmis:path', '/Generated content/retail-banking-edition/page_1390233429406/widget-advanced-content-6812459_LinkOne'),
(940, 'Version series checked out by', NULL, 199, 'cmis:versionSeriesCheckedOutBy', 12, 'cmis:versionSeriesCheckedOutBy', NULL),
(941, 'Title', NULL, 199, 'bb:title', 52, 'bb:title', 'Get a quote'),
(942, 'Object Type', NULL, 199, 'cmis:objectTypeId', 25, 'cmis:objectTypeId', 'bb:link'),
(943, 'Version series checked out Id', NULL, 199, 'cmis:versionSeriesCheckedOutId', 15, 'cmis:versionSeriesCheckedOutId', NULL),
(944, 'Sub Title', NULL, 199, 'bb:subTitle', 51, 'bb:subTitle', ''),
(945, 'Version series Id', NULL, 199, 'cmis:versionSeriesId', 3, 'cmis:versionSeriesId', '3b57bf8d-8eb3-4be8-a282-de83bc9ce310'),
(946, 'Version', NULL, 199, 'cmis:versionLabel', 21, 'cmis:versionLabel', '1.0'),
(947, 'Latest version', NULL, 199, 'cmis:isLatestVersion', 4, 'cmis:isLatestVersion', 'true'),
(948, 'Version series checked out', NULL, 199, 'cmis:isVersionSeriesCheckedOut', 18, 'cmis:isVersionSeriesCheckedOut', NULL),
(949, 'Last Modifed By', NULL, 199, 'cmis:lastModifiedBy', 20, 'cmis:lastModifiedBy', 'admin'),
(950, 'Change Token', NULL, 199, 'cmis:changetoken', 22, 'cmis:changetoken', NULL),
(951, 'Created By', NULL, 199, 'cmis:createdBy', 11, 'cmis:createdBy', 'admin');  
INSERT INTO PUBLIC.PROPERTY_DATA(ID, DISPLAYNAME, LOCALNAME, OBJECT_DATA_ID, OBJECTID, PROPERTY_DEFINITION_ID, QUERYNAME, VALUE) VALUES
(952, 'Latest major version', NULL, 199, 'cmis:isLatestMajorVersion', 8, 'cmis:isLatestMajorVersion', 'true'),
(953, 'Content stream id', NULL, 199, 'cmis:contentStreamId', 13, 'cmis:contentStreamId', NULL),
(954, 'Name', NULL, 199, 'cmis:name', 19, 'cmis:name', 'widget-advanced-content-6812459_LinkOne'),
(955, 'Content stream mime type', NULL, 199, 'cmis:contentStreamMimeType', 6, 'cmis:contentStreamMimeType', ''),
(956, 'Creation Date', NULL, 199, 'cmis:creationDate', 16, 'cmis:creationDate', '2014-01-23 21:43:20 +0100'),
(957, 'Checkin comment', NULL, 199, 'cmis:checkinComment', 10, 'cmis:checkinComment', NULL),
(958, 'Object Id', NULL, 199, 'cmis:objectId', 23, 'cmis:objectId', 'a134d2a8-0501-4b5b-853a-3b881bf1daaf'),
(959, 'Major version', NULL, 199, 'cmis:isMajorVersion', 17, 'cmis:isMajorVersion', 'true'),
(960, 'Immutable', NULL, 199, 'cmis:isImmutable', 14, 'cmis:isImmutable', NULL),
(961, 'Base Type', NULL, 199, 'cmis:baseTypeId', 1, 'cmis:baseTypeId', 'cmis:document'),
(962, 'Last Modification Date', NULL, 199, 'cmis:lastModificationDate', 9, 'cmis:lastModificationDate', '2014-01-23 21:43:20 +0100'),
(963, 'Parent Id', NULL, 199, 'cmis:parentId', 7, 'cmis:parentId', '05bcf439-9278-448f-85ef-ba26987dc1e8'),
(964, 'Content stream file name', NULL, 199, 'cmis:contentStreamFileName', 24, 'cmis:contentStreamFileName', 'widget-advanced-content-6812459_LinkOne'),
(965, 'Content stream length', NULL, 200, 'cmis:contentStreamLength', 2, 'cmis:contentStreamLength', '71'),
(966, 'Title', NULL, 200, 'bb:title', 41, 'bb:title', NULL),
(967, 'Path', NULL, 200, 'cmis:path', 5, 'cmis:path', '/Generated content/retail-banking-edition/page_1390233429406/widget-advanced-content-6812459_DescriptionOne'),
(968, 'Object Type', NULL, 200, 'cmis:objectTypeId', 25, 'cmis:objectTypeId', 'bb:richtext'),
(969, 'Version series checked out by', NULL, 200, 'cmis:versionSeriesCheckedOutBy', 12, 'cmis:versionSeriesCheckedOutBy', NULL),
(970, 'Version series checked out Id', NULL, 200, 'cmis:versionSeriesCheckedOutId', 15, 'cmis:versionSeriesCheckedOutId', NULL),
(971, 'Sub Title', NULL, 200, 'bb:subTitle', 40, 'bb:subTitle', NULL),
(972, 'Version series Id', NULL, 200, 'cmis:versionSeriesId', 3, 'cmis:versionSeriesId', 'c33b98af-c367-4486-9c8a-57c624fb4427'),
(973, 'Latest version', NULL, 200, 'cmis:isLatestVersion', 4, 'cmis:isLatestVersion', 'true'),
(974, 'Version', NULL, 200, 'cmis:versionLabel', 21, 'cmis:versionLabel', '1.0'),
(975, 'Version series checked out', NULL, 200, 'cmis:isVersionSeriesCheckedOut', 18, 'cmis:isVersionSeriesCheckedOut', NULL),
(976, 'Last Modifed By', NULL, 200, 'cmis:lastModifiedBy', 20, 'cmis:lastModifiedBy', 'admin'),
(977, 'Change Token', NULL, 200, 'cmis:changetoken', 22, 'cmis:changetoken', NULL),
(978, 'Created By', NULL, 200, 'cmis:createdBy', 11, 'cmis:createdBy', 'admin'),
(979, 'Latest major version', NULL, 200, 'cmis:isLatestMajorVersion', 8, 'cmis:isLatestMajorVersion', 'true'),
(980, 'Content stream id', NULL, 200, 'cmis:contentStreamId', 13, 'cmis:contentStreamId', NULL),
(981, 'Name', NULL, 200, 'cmis:name', 19, 'cmis:name', 'widget-advanced-content-6812459_DescriptionOne'),
(982, 'Content stream mime type', NULL, 200, 'cmis:contentStreamMimeType', 6, 'cmis:contentStreamMimeType', 'text/html; charset=UTF-8'),
(983, 'Creation Date', NULL, 200, 'cmis:creationDate', 16, 'cmis:creationDate', '2014-01-23 21:43:33 +0100'),
(984, 'Checkin comment', NULL, 200, 'cmis:checkinComment', 10, 'cmis:checkinComment', NULL),
(985, 'Description', NULL, 200, 'bb:description', 42, 'bb:description', NULL),
(986, 'Object Id', NULL, 200, 'cmis:objectId', 23, 'cmis:objectId', '36e5e340-4086-49a6-8bda-b965a4ae60d0'),
(987, 'Major version', NULL, 200, 'cmis:isMajorVersion', 17, 'cmis:isMajorVersion', 'true'),
(988, 'Immutable', NULL, 200, 'cmis:isImmutable', 14, 'cmis:isImmutable', NULL),
(989, 'Base Type', NULL, 200, 'cmis:baseTypeId', 1, 'cmis:baseTypeId', 'cmis:document'),
(990, 'Last Modification Date', NULL, 200, 'cmis:lastModificationDate', 9, 'cmis:lastModificationDate', '2014-01-23 21:43:47 +0100');      
INSERT INTO PUBLIC.PROPERTY_DATA(ID, DISPLAYNAME, LOCALNAME, OBJECT_DATA_ID, OBJECTID, PROPERTY_DEFINITION_ID, QUERYNAME, VALUE) VALUES
(991, 'Content stream file name', NULL, 200, 'cmis:contentStreamFileName', 24, 'cmis:contentStreamFileName', 'widget-advanced-content-6812459_DescriptionOne'),
(992, 'Parent Id', NULL, 200, 'cmis:parentId', 7, 'cmis:parentId', '05bcf439-9278-448f-85ef-ba26987dc1e8'),
(993, 'Last Modifed By', NULL, 225, 'cmis:lastModifiedBy', 30, 'cmis:lastModifiedBy', 'admin'),
(994, 'Object Type', NULL, 225, 'cmis:objectTypeId', 29, 'cmis:objectTypeId', 'cmis:folder'),
(995, 'Path', NULL, 225, 'cmis:path', 34, 'cmis:path', '/Generated content/retail-banking-edition/home'),
(996, 'Created By', NULL, 225, 'cmis:createdBy', 37, 'cmis:createdBy', 'admin'),
(997, 'Name', NULL, 225, 'cmis:name', 32, 'cmis:name', 'home'),
(998, 'Object Id', NULL, 225, 'cmis:objectId', 28, 'cmis:objectId', '0c46a902-4833-4935-a435-88026db25bb9'),
(999, 'Creation Date', NULL, 225, 'cmis:creationDate', 33, 'cmis:creationDate', '2014-03-27 10:06:41 -0400'),
(1000, 'Base Type', NULL, 225, 'cmis:baseTypeId', 31, 'cmis:baseTypeId', 'cmis:folder'),
(1001, 'Parent Id', NULL, 225, 'cmis:parentId', 26, 'cmis:parentId', '2abf9fca-d8ba-44ae-93fc-7f201980b1de'),
(1002, 'Last Modification Date', NULL, 225, 'cmis:lastModificationDate', 36, 'cmis:lastModificationDate', '2014-03-27 10:06:41 -0400'),
(1003, 'Last Modifed By', NULL, 226, 'cmis:lastModifiedBy', 30, 'cmis:lastModifiedBy', 'admin'),
(1004, 'Object Type', NULL, 226, 'cmis:objectTypeId', 29, 'cmis:objectTypeId', 'cmis:folder'),
(1005, 'Path', NULL, 226, 'cmis:path', 34, 'cmis:path', '/Generated content/retail-banking-edition/home/widget-new-transfer-v1-5747422'),
(1006, 'Created By', NULL, 226, 'cmis:createdBy', 37, 'cmis:createdBy', 'admin'),
(1007, 'Name', NULL, 226, 'cmis:name', 32, 'cmis:name', 'widget-new-transfer-v1-5747422'),
(1008, 'Object Id', NULL, 226, 'cmis:objectId', 28, 'cmis:objectId', '0b4ac701-a35b-4e11-ae59-17bb96d8d876'),
(1009, 'Creation Date', NULL, 226, 'cmis:creationDate', 33, 'cmis:creationDate', '2014-03-27 10:06:41 -0400'),
(1010, 'Base Type', NULL, 226, 'cmis:baseTypeId', 31, 'cmis:baseTypeId', 'cmis:folder'),
(1011, 'Parent Id', NULL, 226, 'cmis:parentId', 26, 'cmis:parentId', '0c46a902-4833-4935-a435-88026db25bb9'),
(1012, 'Last Modification Date', NULL, 226, 'cmis:lastModificationDate', 36, 'cmis:lastModificationDate', '2014-03-27 10:06:41 -0400'),
(1013, 'Content stream length', NULL, 227, 'cmis:contentStreamLength', 2, 'cmis:contentStreamLength', '260'),
(1014, 'Object Type', NULL, 227, 'cmis:objectTypeId', 25, 'cmis:objectTypeId', 'bb:richtext'),
(1015, 'Title', NULL, 227, 'bb:title', 41, 'bb:title', STRINGDECODE('\u00a0Save to Contacts')),
(1016, 'Version series checked out by', NULL, 227, 'cmis:versionSeriesCheckedOutBy', 12, 'cmis:versionSeriesCheckedOutBy', NULL),
(1017, 'Path', NULL, 227, 'cmis:path', 5, 'cmis:path', '/Generated content/retail-banking-edition/home/widget-new-transfer-v1-5747422/article'),
(1018, 'Version series checked out Id', NULL, 227, 'cmis:versionSeriesCheckedOutId', 15, 'cmis:versionSeriesCheckedOutId', NULL),
(1019, 'Sub Title', NULL, 227, 'bb:subTitle', 40, 'bb:subTitle', NULL),
(1020, 'Version series Id', NULL, 227, 'cmis:versionSeriesId', 3, 'cmis:versionSeriesId', 'c55fefd4-1f26-40e1-9ea7-8105948a9836'),
(1021, 'Version', NULL, 227, 'cmis:versionLabel', 21, 'cmis:versionLabel', '1.0'),
(1022, 'Latest version', NULL, 227, 'cmis:isLatestVersion', 4, 'cmis:isLatestVersion', 'true'),
(1023, 'Version series checked out', NULL, 227, 'cmis:isVersionSeriesCheckedOut', 18, 'cmis:isVersionSeriesCheckedOut', NULL),
(1024, 'Last Modifed By', NULL, 227, 'cmis:lastModifiedBy', 20, 'cmis:lastModifiedBy', 'admin'),
(1025, 'Change Token', NULL, 227, 'cmis:changetoken', 22, 'cmis:changetoken', NULL),
(1026, 'Created By', NULL, 227, 'cmis:createdBy', 11, 'cmis:createdBy', 'admin'),
(1027, 'Latest major version', NULL, 227, 'cmis:isLatestMajorVersion', 8, 'cmis:isLatestMajorVersion', 'true'),
(1028, 'Content stream id', NULL, 227, 'cmis:contentStreamId', 13, 'cmis:contentStreamId', NULL);            
INSERT INTO PUBLIC.PROPERTY_DATA(ID, DISPLAYNAME, LOCALNAME, OBJECT_DATA_ID, OBJECTID, PROPERTY_DEFINITION_ID, QUERYNAME, VALUE) VALUES
(1029, 'Name', NULL, 227, 'cmis:name', 19, 'cmis:name', 'article'),
(1030, 'Content stream mime type', NULL, 227, 'cmis:contentStreamMimeType', 6, 'cmis:contentStreamMimeType', 'text/html; charset=UTF-8'),
(1031, 'Creation Date', NULL, 227, 'cmis:creationDate', 16, 'cmis:creationDate', '2014-03-27 10:06:42 -0400'),
(1032, 'Checkin comment', NULL, 227, 'cmis:checkinComment', 10, 'cmis:checkinComment', NULL),
(1033, 'Object Id', NULL, 227, 'cmis:objectId', 23, 'cmis:objectId', 'f1c1cc36-d6b7-41f9-9eb8-20436e4844c7'),
(1034, 'Description', NULL, 227, 'bb:description', 42, 'bb:description', NULL),
(1035, 'Immutable', NULL, 227, 'cmis:isImmutable', 14, 'cmis:isImmutable', NULL),
(1036, 'Major version', NULL, 227, 'cmis:isMajorVersion', 17, 'cmis:isMajorVersion', 'true'),
(1037, 'Base Type', NULL, 227, 'cmis:baseTypeId', 1, 'cmis:baseTypeId', 'cmis:document'),
(1038, 'Content stream file name', NULL, 227, 'cmis:contentStreamFileName', 24, 'cmis:contentStreamFileName', 'article'),
(1039, 'Last Modification Date', NULL, 227, 'cmis:lastModificationDate', 9, 'cmis:lastModificationDate', '2014-03-27 10:46:46 -0400'),
(1040, 'Parent Id', NULL, 227, 'cmis:parentId', 7, 'cmis:parentId', '0b4ac701-a35b-4e11-ae59-17bb96d8d876'),
(1057, 'Last Modifed By', NULL, 257, 'cmis:lastModifiedBy', 30, 'cmis:lastModifiedBy', 'admin'),
(1058, 'Object Type', NULL, 257, 'cmis:objectTypeId', 29, 'cmis:objectTypeId', 'cmis:folder'),
(1059, 'Path', NULL, 257, 'cmis:path', 34, 'cmis:path', '/Generated content/retail-banking-edition/page_1390213992841'),
(1060, 'Created By', NULL, 257, 'cmis:createdBy', 37, 'cmis:createdBy', 'admin'),
(1061, 'Name', NULL, 257, 'cmis:name', 32, 'cmis:name', 'page_1390213992841'),
(1062, 'Object Id', NULL, 257, 'cmis:objectId', 28, 'cmis:objectId', '117aeb2a-a94e-4a97-aa2d-73bc182b3c8c'),
(1063, 'Creation Date', NULL, 257, 'cmis:creationDate', 33, 'cmis:creationDate', '2014-04-07 09:55:48 -0400'),
(1064, 'Base Type', NULL, 257, 'cmis:baseTypeId', 31, 'cmis:baseTypeId', 'cmis:folder'),
(1065, 'Parent Id', NULL, 257, 'cmis:parentId', 26, 'cmis:parentId', '2abf9fca-d8ba-44ae-93fc-7f201980b1de'),
(1066, 'Last Modification Date', NULL, 257, 'cmis:lastModificationDate', 36, 'cmis:lastModificationDate', '2014-04-07 09:55:48 -0400'),
(1067, 'Last Modifed By', NULL, 258, 'cmis:lastModifiedBy', 30, 'cmis:lastModifiedBy', 'admin'),
(1068, 'Object Type', NULL, 258, 'cmis:objectTypeId', 29, 'cmis:objectTypeId', 'cmis:folder'),
(1069, 'Path', NULL, 258, 'cmis:path', 34, 'cmis:path', '/Generated content/retail-banking-edition/page_1390213992841/widget-new-transfer-v1-6435824'),
(1070, 'Created By', NULL, 258, 'cmis:createdBy', 37, 'cmis:createdBy', 'admin'),
(1071, 'Name', NULL, 258, 'cmis:name', 32, 'cmis:name', 'widget-new-transfer-v1-6435824'),
(1072, 'Object Id', NULL, 258, 'cmis:objectId', 28, 'cmis:objectId', 'ca4e9da9-49fa-485e-980f-ddae40d22e29'),
(1073, 'Creation Date', NULL, 258, 'cmis:creationDate', 33, 'cmis:creationDate', '2014-04-07 09:55:48 -0400'),
(1074, 'Base Type', NULL, 258, 'cmis:baseTypeId', 31, 'cmis:baseTypeId', 'cmis:folder'),
(1075, 'Parent Id', NULL, 258, 'cmis:parentId', 26, 'cmis:parentId', '117aeb2a-a94e-4a97-aa2d-73bc182b3c8c'),
(1076, 'Last Modification Date', NULL, 258, 'cmis:lastModificationDate', 36, 'cmis:lastModificationDate', '2014-04-07 09:55:48 -0400'),
(1077, 'Content stream length', NULL, 259, 'cmis:contentStreamLength', 2, 'cmis:contentStreamLength', '260'),
(1078, 'Object Type', NULL, 259, 'cmis:objectTypeId', 25, 'cmis:objectTypeId', 'bb:richtext'),
(1079, 'Path', NULL, 259, 'cmis:path', 5, 'cmis:path', '/Generated content/retail-banking-edition/page_1390213992841/widget-new-transfer-v1-6435824/article'),
(1080, 'Title', NULL, 259, 'bb:title', 41, 'bb:title', 'Save to Contacts'),
(1081, 'Version series checked out by', NULL, 259, 'cmis:versionSeriesCheckedOutBy', 12, 'cmis:versionSeriesCheckedOutBy', NULL),
(1082, 'Version series checked out Id', NULL, 259, 'cmis:versionSeriesCheckedOutId', 15, 'cmis:versionSeriesCheckedOutId', NULL);   
INSERT INTO PUBLIC.PROPERTY_DATA(ID, DISPLAYNAME, LOCALNAME, OBJECT_DATA_ID, OBJECTID, PROPERTY_DEFINITION_ID, QUERYNAME, VALUE) VALUES
(1083, 'Sub Title', NULL, 259, 'bb:subTitle', 40, 'bb:subTitle', NULL),
(1084, 'Version series Id', NULL, 259, 'cmis:versionSeriesId', 3, 'cmis:versionSeriesId', 'cd0800db-e5ca-4d23-ac36-ecec238414ab'),
(1085, 'Version', NULL, 259, 'cmis:versionLabel', 21, 'cmis:versionLabel', '1.0'),
(1086, 'Latest version', NULL, 259, 'cmis:isLatestVersion', 4, 'cmis:isLatestVersion', 'true'),
(1087, 'Version series checked out', NULL, 259, 'cmis:isVersionSeriesCheckedOut', 18, 'cmis:isVersionSeriesCheckedOut', NULL),
(1088, 'Last Modifed By', NULL, 259, 'cmis:lastModifiedBy', 20, 'cmis:lastModifiedBy', 'admin'),
(1089, 'Change Token', NULL, 259, 'cmis:changetoken', 22, 'cmis:changetoken', NULL),
(1090, 'Created By', NULL, 259, 'cmis:createdBy', 11, 'cmis:createdBy', 'admin'),
(1091, 'Latest major version', NULL, 259, 'cmis:isLatestMajorVersion', 8, 'cmis:isLatestMajorVersion', 'true'),
(1092, 'Content stream id', NULL, 259, 'cmis:contentStreamId', 13, 'cmis:contentStreamId', NULL),
(1093, 'Name', NULL, 259, 'cmis:name', 19, 'cmis:name', 'article'),
(1094, 'Content stream mime type', NULL, 259, 'cmis:contentStreamMimeType', 6, 'cmis:contentStreamMimeType', 'text/html; charset=UTF-8'),
(1095, 'Creation Date', NULL, 259, 'cmis:creationDate', 16, 'cmis:creationDate', '2014-04-07 09:55:49 -0400'),
(1096, 'Checkin comment', NULL, 259, 'cmis:checkinComment', 10, 'cmis:checkinComment', NULL),
(1097, 'Description', NULL, 259, 'bb:description', 42, 'bb:description', NULL),
(1098, 'Object Id', NULL, 259, 'cmis:objectId', 23, 'cmis:objectId', '37c58226-fde4-47e3-8426-a5d477530fbc'),
(1099, 'Immutable', NULL, 259, 'cmis:isImmutable', 14, 'cmis:isImmutable', NULL),
(1100, 'Major version', NULL, 259, 'cmis:isMajorVersion', 17, 'cmis:isMajorVersion', 'true'),
(1101, 'Base Type', NULL, 259, 'cmis:baseTypeId', 1, 'cmis:baseTypeId', 'cmis:document'),
(1102, 'Last Modification Date', NULL, 259, 'cmis:lastModificationDate', 9, 'cmis:lastModificationDate', '2014-04-07 09:56:53 -0400'),
(1103, 'Content stream file name', NULL, 259, 'cmis:contentStreamFileName', 24, 'cmis:contentStreamFileName', 'article'),
(1104, 'Parent Id', NULL, 259, 'cmis:parentId', 7, 'cmis:parentId', 'ca4e9da9-49fa-485e-980f-ddae40d22e29');               
CREATE INDEX PUBLIC.FK_PD_IDX_OBJECT_DATA_ID ON PUBLIC.PROPERTY_DATA(OBJECT_DATA_ID);         
CREATE INDEX PUBLIC.FK_PD_IDX_OBJECTID ON PUBLIC.PROPERTY_DATA(OBJECTID);     
CREATE INDEX PUBLIC.FK_PD_IDX_PROP_DEF_ID ON PUBLIC.PROPERTY_DATA(PROPERTY_DEFINITION_ID);    
CREATE CACHED TABLE PUBLIC.PROPERTY_DEFINITION(
    ID BIGINT DEFAULT (NEXT VALUE FOR PUBLIC.SYSTEM_SEQUENCE_CD8109B7_E333_4434_983F_C4CFA95D83C3) NOT NULL NULL_TO_DEFAULT SEQUENCE PUBLIC.SYSTEM_SEQUENCE_CD8109B7_E333_4434_983F_C4CFA95D83C3,
    CARDINALITY VARCHAR(255),
    DESCRIPTION VARCHAR(255),
    DISPLAYNAME VARCHAR(255),
    INHERITED BOOLEAN,
    LOCALNAME VARCHAR(255),
    LOCALNAMESPACE VARCHAR(255),
    OBJECTID VARCHAR(255) NOT NULL,
    OBJECT_TYPE_ID BIGINT NOT NULL,
    ORDERABLE BOOLEAN,
    QUERYNAME VARCHAR(255),
    QUERYABLE BOOLEAN,
    REQUIRED BOOLEAN,
    TYPE VARCHAR(255) NOT NULL,
    UPDATABILITY VARCHAR(255)
);      
ALTER TABLE PUBLIC.PROPERTY_DEFINITION ADD CONSTRAINT PUBLIC.CONSTRAINT_4 PRIMARY KEY(ID);    
-- 55 +/- SELECT COUNT(*) FROM PUBLIC.PROPERTY_DEFINITION;    
INSERT INTO PUBLIC.PROPERTY_DEFINITION(ID, CARDINALITY, DESCRIPTION, DISPLAYNAME, INHERITED, LOCALNAME, LOCALNAMESPACE, OBJECTID, OBJECT_TYPE_ID, ORDERABLE, QUERYNAME, QUERYABLE, REQUIRED, TYPE, UPDATABILITY) VALUES
(1, 'single', NULL, 'Base Type', FALSE, 'cmis:baseTypeId', 'http://docs.oasis-open.org/ns/cmis/core/200908/', 'cmis:baseTypeId', 1, NULL, 'cmis:baseTypeId', NULL, FALSE, 'id', 'oncreate'),
(2, 'single', NULL, 'Content stream length', FALSE, 'cmis:contentStreamLength', 'http://docs.oasis-open.org/ns/cmis/core/200908/', 'cmis:contentStreamLength', 1, NULL, 'cmis:contentStreamLength', NULL, FALSE, 'integer', 'readonly'),
(3, 'single', NULL, 'Version series Id', FALSE, 'cmis:versionSeriesId', 'http://docs.oasis-open.org/ns/cmis/core/200908/', 'cmis:versionSeriesId', 1, NULL, 'cmis:versionSeriesId', NULL, FALSE, 'id', 'readonly'),
(4, 'single', NULL, 'Latest version', FALSE, 'cmis:isLatestVersion', 'http://docs.oasis-open.org/ns/cmis/core/200908/', 'cmis:isLatestVersion', 1, NULL, 'cmis:isLatestVersion', NULL, FALSE, 'boolean', 'readonly'),
(5, 'single', NULL, 'Path', FALSE, 'cmis:path', 'http://docs.oasis-open.org/ns/cmis/core/200908/', 'cmis:path', 1, NULL, 'cmis:path', NULL, FALSE, 'string', 'readonly'),
(6, 'single', NULL, 'Content stream mime type', FALSE, 'cmis:contentStreamMimeType', 'http://docs.oasis-open.org/ns/cmis/core/200908/', 'cmis:contentStreamMimeType', 1, NULL, 'cmis:contentStreamMimeType', NULL, FALSE, 'string', 'oncreate'),
(7, 'single', NULL, 'Parent Id', FALSE, 'cmis:parentId', 'http://docs.oasis-open.org/ns/cmis/core/200908/', 'cmis:parentId', 1, NULL, 'cmis:parentId', NULL, FALSE, 'id', 'readonly'),
(8, 'single', NULL, 'Latest major version', FALSE, 'cmis:isLatestMajorVersion', 'http://docs.oasis-open.org/ns/cmis/core/200908/', 'cmis:isLatestMajorVersion', 1, NULL, 'cmis:isLatestMajorVersion', NULL, FALSE, 'boolean', 'readonly'),
(9, 'single', NULL, 'Last Modification Date', FALSE, 'cmis:lastModificationDate', 'http://docs.oasis-open.org/ns/cmis/core/200908/', 'cmis:lastModificationDate', 1, NULL, 'cmis:lastModificationDate', NULL, FALSE, 'datetime', 'readonly'),
(10, 'single', NULL, 'Checkin comment', FALSE, 'cmis:checkinComment', 'http://docs.oasis-open.org/ns/cmis/core/200908/', 'cmis:checkinComment', 1, NULL, 'cmis:checkinComment', NULL, FALSE, 'string', 'readonly'),
(11, 'single', NULL, 'Created By', FALSE, 'cmis:createdBy', 'http://docs.oasis-open.org/ns/cmis/core/200908/', 'cmis:createdBy', 1, NULL, 'cmis:createdBy', NULL, FALSE, 'string', 'oncreate'),
(12, 'single', NULL, 'Version series checked out by', FALSE, 'cmis:versionSeriesCheckedOutBy', 'http://docs.oasis-open.org/ns/cmis/core/200908/', 'cmis:versionSeriesCheckedOutBy', 1, NULL, 'cmis:versionSeriesCheckedOutBy', NULL, FALSE, 'string', 'readonly'),
(13, 'single', NULL, 'Content stream id', FALSE, 'cmis:contentStreamId', 'http://docs.oasis-open.org/ns/cmis/core/200908/', 'cmis:contentStreamId', 1, NULL, 'cmis:contentStreamId', NULL, FALSE, 'id', 'readonly'),
(14, 'single', NULL, 'Immutable', FALSE, 'cmis:isImmutable', 'http://docs.oasis-open.org/ns/cmis/core/200908/', 'cmis:isImmutable', 1, NULL, 'cmis:isImmutable', NULL, FALSE, 'boolean', 'readonly'),
(15, 'single', NULL, 'Version series checked out Id', FALSE, 'cmis:versionSeriesCheckedOutId', 'http://docs.oasis-open.org/ns/cmis/core/200908/', 'cmis:versionSeriesCheckedOutId', 1, NULL, 'cmis:versionSeriesCheckedOutId', NULL, FALSE, 'id', 'readonly'),
(16, 'single', NULL, 'Creation Date', FALSE, 'cmis:creationDate', 'http://docs.oasis-open.org/ns/cmis/core/200908/', 'cmis:creationDate', 1, NULL, 'cmis:creationDate', NULL, FALSE, 'datetime', 'readonly'),
(17, 'single', NULL, 'Major version', FALSE, 'cmis:isMajorVersion', 'http://docs.oasis-open.org/ns/cmis/core/200908/', 'cmis:isMajorVersion', 1, NULL, 'cmis:isMajorVersion', NULL, FALSE, 'boolean', 'readonly'),
(18, 'single', NULL, 'Version series checked out', FALSE, 'cmis:isVersionSeriesCheckedOut', 'http://docs.oasis-open.org/ns/cmis/core/200908/', 'cmis:isVersionSeriesCheckedOut', 1, NULL, 'cmis:isVersionSeriesCheckedOut', NULL, FALSE, 'boolean', 'readonly');         
INSERT INTO PUBLIC.PROPERTY_DEFINITION(ID, CARDINALITY, DESCRIPTION, DISPLAYNAME, INHERITED, LOCALNAME, LOCALNAMESPACE, OBJECTID, OBJECT_TYPE_ID, ORDERABLE, QUERYNAME, QUERYABLE, REQUIRED, TYPE, UPDATABILITY) VALUES
(19, 'single', NULL, 'Name', FALSE, 'cmis:name', 'http://docs.oasis-open.org/ns/cmis/core/200908/', 'cmis:name', 1, NULL, 'cmis:name', NULL, TRUE, 'string', 'readwrite'),
(20, 'single', NULL, 'Last Modifed By', FALSE, 'cmis:lastModifiedBy', 'http://docs.oasis-open.org/ns/cmis/core/200908/', 'cmis:lastModifiedBy', 1, NULL, 'cmis:lastModifiedBy', NULL, FALSE, 'string', 'readwrite'),
(21, 'single', NULL, 'Version', FALSE, 'cmis:versionLabel', 'http://docs.oasis-open.org/ns/cmis/core/200908/', 'cmis:versionLabel', 1, NULL, 'cmis:versionLabel', NULL, FALSE, 'string', 'readonly'),
(22, 'single', NULL, 'Change Token', FALSE, 'cmis:changetoken', 'http://docs.oasis-open.org/ns/cmis/core/200908/', 'cmis:changetoken', 1, NULL, 'cmis:changetoken', NULL, FALSE, 'string', 'readonly'),
(23, 'single', NULL, 'Object Id', FALSE, 'cmis:objectId', 'http://docs.oasis-open.org/ns/cmis/core/200908/', 'cmis:objectId', 1, NULL, 'cmis:objectId', NULL, FALSE, 'id', 'oncreate'),
(24, 'single', NULL, 'Content stream file name', FALSE, 'cmis:contentStreamFileName', 'http://docs.oasis-open.org/ns/cmis/core/200908/', 'cmis:contentStreamFileName', 1, NULL, 'cmis:contentStreamFileName', NULL, FALSE, 'string', 'oncreate'),
(25, 'single', NULL, 'Object Type', FALSE, 'cmis:objectTypeId', 'http://docs.oasis-open.org/ns/cmis/core/200908/', 'cmis:objectTypeId', 1, NULL, 'cmis:objectTypeId', NULL, TRUE, 'id', 'oncreate'),
(26, 'single', NULL, 'Parent Id', FALSE, 'cmis:parentId', 'http://docs.oasis-open.org/ns/cmis/core/200908/', 'cmis:parentId', 2, NULL, 'cmis:parentId', NULL, FALSE, 'id', 'readonly'),
(27, 'single', NULL, 'Change Token', FALSE, 'cmis:changetoken', 'http://docs.oasis-open.org/ns/cmis/core/200908/', 'cmis:changetoken', 2, NULL, 'cmis:changetoken', NULL, FALSE, 'string', 'readonly'),
(28, 'single', NULL, 'Object Id', FALSE, 'cmis:objectId', 'http://docs.oasis-open.org/ns/cmis/core/200908/', 'cmis:objectId', 2, NULL, 'cmis:objectId', NULL, FALSE, 'id', 'oncreate'),
(29, 'single', NULL, 'Object Type', FALSE, 'cmis:objectTypeId', 'http://docs.oasis-open.org/ns/cmis/core/200908/', 'cmis:objectTypeId', 2, NULL, 'cmis:objectTypeId', NULL, TRUE, 'id', 'oncreate'),
(30, 'single', NULL, 'Last Modifed By', FALSE, 'cmis:lastModifiedBy', 'http://docs.oasis-open.org/ns/cmis/core/200908/', 'cmis:lastModifiedBy', 2, NULL, 'cmis:lastModifiedBy', NULL, FALSE, 'string', 'readonly'),
(31, 'single', NULL, 'Base Type', FALSE, 'cmis:baseTypeId', 'http://docs.oasis-open.org/ns/cmis/core/200908/', 'cmis:baseTypeId', 2, NULL, 'cmis:baseTypeId', NULL, FALSE, 'id', 'readonly'),
(32, 'single', NULL, 'Name', FALSE, 'cmis:name', 'http://docs.oasis-open.org/ns/cmis/core/200908/', 'cmis:name', 2, NULL, 'cmis:name', NULL, TRUE, 'string', 'readwrite'),
(33, 'single', NULL, 'Creation Date', FALSE, 'cmis:creationDate', 'http://docs.oasis-open.org/ns/cmis/core/200908/', 'cmis:creationDate', 2, NULL, 'cmis:creationDate', NULL, FALSE, 'datetime', 'readonly'),
(34, 'single', NULL, 'Path', FALSE, 'cmis:path', 'http://docs.oasis-open.org/ns/cmis/core/200908/', 'cmis:path', 2, NULL, 'cmis:path', NULL, FALSE, 'string', 'readonly'),
(35, 'single', NULL, 'Allowed child object type ids', FALSE, 'cmis:allowedChildObjectTypeIds', 'http://docs.oasis-open.org/ns/cmis/core/200908/', 'cmis:allowedChildObjectTypeIds', 2, NULL, 'cmis:allowedChildObjectTypeIds', NULL, FALSE, 'id', 'readonly'),
(36, 'single', NULL, 'Last Modification Date', FALSE, 'cmis:lastModificationDate', 'http://docs.oasis-open.org/ns/cmis/core/200908/', 'cmis:lastModificationDate', 2, NULL, 'cmis:lastModificationDate', NULL, FALSE, 'datetime', 'readonly'),
(37, 'single', NULL, 'Created By', FALSE, 'cmis:createdBy', 'http://docs.oasis-open.org/ns/cmis/core/200908/', 'cmis:createdBy', 2, NULL, 'cmis:createdBy', NULL, FALSE, 'string', 'oncreate'),
(38, 'multi', NULL, 'Allowed source types', FALSE, 'cmis:allowedSourceTypes', 'http://docs.oasis-open.org/ns/cmis/core/200908/', 'cmis:allowedSourceTypes', 3, NULL, 'cmis:allowedSourceTypes', NULL, NULL, 'string', 'oncreate');      
INSERT INTO PUBLIC.PROPERTY_DEFINITION(ID, CARDINALITY, DESCRIPTION, DISPLAYNAME, INHERITED, LOCALNAME, LOCALNAMESPACE, OBJECTID, OBJECT_TYPE_ID, ORDERABLE, QUERYNAME, QUERYABLE, REQUIRED, TYPE, UPDATABILITY) VALUES
(39, 'multi', NULL, 'Allowed target types', FALSE, 'cmis:allowedTargetTypes', 'http://docs.oasis-open.org/ns/cmis/core/200908/', 'cmis:allowedTargetTypes', 3, NULL, 'cmis:allowedTargetTypes', NULL, NULL, 'string', 'oncreate'),
(40, 'single', NULL, 'Sub Title', FALSE, 'bb:subTitle', 'http://docs.oasis-open.org/ns/cmis/core/200908/', 'bb:subTitle', 7, NULL, 'bb:subTitle', NULL, FALSE, 'string', 'readwrite'),
(41, 'single', NULL, 'Title', FALSE, 'bb:title', 'http://docs.oasis-open.org/ns/cmis/core/200908/', 'bb:title', 7, NULL, 'bb:title', NULL, FALSE, 'string', 'readwrite'),
(42, 'single', NULL, 'Description', FALSE, 'bb:description', 'http://docs.oasis-open.org/ns/cmis/core/200908/', 'bb:description', 7, NULL, 'bb:description', NULL, FALSE, 'string', 'readwrite'),
(43, 'single', NULL, 'Width', FALSE, 'bb:width', 'http://docs.oasis-open.org/ns/cmis/core/200908/', 'bb:width', 8, NULL, 'bb:width', NULL, FALSE, 'integer', 'readwrite'),
(44, 'single', NULL, 'Description', FALSE, 'bb:description', 'http://docs.oasis-open.org/ns/cmis/core/200908/', 'bb:description', 8, NULL, 'bb:description', NULL, FALSE, 'string', 'readwrite'),
(45, 'single', NULL, 'Alt Text', FALSE, 'bb:altText', 'http://docs.oasis-open.org/ns/cmis/core/200908/', 'bb:altText', 8, NULL, 'bb:altText', NULL, FALSE, 'string', 'readwrite'),
(46, 'single', NULL, 'Title', FALSE, 'bb:title', 'http://docs.oasis-open.org/ns/cmis/core/200908/', 'bb:title', 8, NULL, 'bb:title', NULL, TRUE, 'string', 'readwrite'),
(47, 'single', NULL, 'Sub Title', FALSE, 'bb:subTitle', 'http://docs.oasis-open.org/ns/cmis/core/200908/', 'bb:subTitle', 8, NULL, 'bb:subTitle', NULL, FALSE, 'string', 'readwrite'),
(48, 'single', NULL, 'Height', FALSE, 'bb:height', 'http://docs.oasis-open.org/ns/cmis/core/200908/', 'bb:height', 8, NULL, 'bb:height', NULL, FALSE, 'integer', 'readwrite'),
(49, 'single', NULL, 'Tag', FALSE, 'bb:tag', 'http://docs.oasis-open.org/ns/cmis/core/200908/', 'bb:tag', 8, NULL, 'bb:tag', NULL, FALSE, 'string', 'readwrite'),
(50, 'single', NULL, 'Url', FALSE, 'bb:url', 'http://docs.oasis-open.org/ns/cmis/core/200908/', 'bb:url', 9, NULL, 'bb:url', NULL, TRUE, 'string', 'readwrite'),
(51, 'single', NULL, 'Sub Title', FALSE, 'bb:subTitle', 'http://docs.oasis-open.org/ns/cmis/core/200908/', 'bb:subTitle', 9, NULL, 'bb:subTitle', NULL, FALSE, 'string', 'readwrite'),
(52, 'single', NULL, 'Title', FALSE, 'bb:title', 'http://docs.oasis-open.org/ns/cmis/core/200908/', 'bb:title', 9, NULL, 'bb:title', NULL, TRUE, 'string', 'readwrite'),
(53, 'single', NULL, 'publishId', FALSE, 'bb:publishId', 'http://docs.oasis-open.org/ns/cmis/core/200908/', 'bb:publishId', 10, NULL, 'bb:publishId', NULL, TRUE, 'string', 'oncreate'),
(54, 'single', NULL, 'Package Type', FALSE, 'bb:packageType', 'http://docs.oasis-open.org/ns/cmis/core/200908/', 'bb:packageType', 10, NULL, 'bb:packageType', NULL, TRUE, 'string', 'oncreate'),
(55, 'single', NULL, 'Uuid', FALSE, 'bb:uuid', 'http://docs.oasis-open.org/ns/cmis/core/200908/', 'bb:uuid', 10, NULL, 'bb:uuid', NULL, TRUE, 'string', 'oncreate');               
CREATE INDEX PUBLIC.FK_PDEF_IDX_OBJECT_TYPE_ID ON PUBLIC.PROPERTY_DEFINITION(OBJECT_TYPE_ID); 
CREATE CACHED TABLE PUBLIC.RENDITION(
    ID BIGINT DEFAULT (NEXT VALUE FOR PUBLIC.SYSTEM_SEQUENCE_4F8C2B39_5246_4A70_9985_B0BB461831EB) NOT NULL NULL_TO_DEFAULT SEQUENCE PUBLIC.SYSTEM_SEQUENCE_4F8C2B39_5246_4A70_9985_B0BB461831EB,
    FILEPATH VARCHAR(765),
    HEIGHT DECIMAL(19, 2),
    KIND VARCHAR(255),
    LENGTH DECIMAL(19, 2),
    MIMETYPE VARCHAR(255),
    OBJECT_DATA_ID BIGINT NOT NULL,
    RENDITIONDOCUMENTID VARCHAR(255),
    TITLE VARCHAR(255),
    WIDTH DECIMAL(19, 2),
    OBJECTID VARCHAR(255) NOT NULL,
    STREAMID VARCHAR(255) NOT NULL,
    CS_ID BIGINT
);            
ALTER TABLE PUBLIC.RENDITION ADD CONSTRAINT PUBLIC.CONSTRAINT_1 PRIMARY KEY(ID);              
-- 10 +/- SELECT COUNT(*) FROM PUBLIC.RENDITION;              
INSERT INTO PUBLIC.RENDITION(ID, FILEPATH, HEIGHT, KIND, LENGTH, MIMETYPE, OBJECT_DATA_ID, RENDITIONDOCUMENTID, TITLE, WIDTH, OBJECTID, STREAMID, CS_ID) VALUES
(33, '/2014/01/17/c494551a-bd25-4d5d-968b-75bf15b35533.bin100x100-commercialbanking.png', 59.00, 'cmis:thumbnail', 11842.00, 'image/png', 65, NULL, '100x100-commercialbanking.png', 100.00, 'c494551a-bd25-4d5d-968b-75bf15b35533', 'sid-829017b2-6ac2-4ae7-8a7d-ce1a96b8aa57', NULL),
(34, '/2014/01/17/211b50b0-195e-4e64-9bd3-d387a552096a.bin100x100-globalbanking.png', 59.00, 'cmis:thumbnail', 17116.00, 'image/png', 66, NULL, '100x100-globalbanking.png', 100.00, '211b50b0-195e-4e64-9bd3-d387a552096a', 'sid-82b50d62-d45d-43b0-8e75-f0ed7b350165', NULL),
(35, '/2014/01/17/e2a182cb-64de-4264-a8f4-5207a3514d2a.bin100x100-personalbanking.png', 59.00, 'cmis:thumbnail', 16252.00, 'image/png', 67, NULL, '100x100-personalbanking.png', 100.00, 'e2a182cb-64de-4264-a8f4-5207a3514d2a', 'sid-77e9d47d-80ed-4d0c-b06f-c27349e4062b', NULL),
(36, '/2014/01/17/1ba01545-e61d-4614-b9d8-35a2dda59f9d.bin100x100-premierbanking.png', 59.00, 'cmis:thumbnail', 10088.00, 'image/png', 68, NULL, '100x100-premierbanking.png', 100.00, '1ba01545-e61d-4614-b9d8-35a2dda59f9d', 'sid-5fa66ffc-e69e-4c68-91ac-f7a3549e8060', NULL),
(37, '/2014/01/17/cb234c22-5cbf-43f2-9adb-ba52c9d118bc.bin100x100-privatebanking.png', 59.00, 'cmis:thumbnail', 15721.00, 'image/png', 69, NULL, '100x100-privatebanking.png', 100.00, 'cb234c22-5cbf-43f2-9adb-ba52c9d118bc', 'sid-cdc947c8-e1ee-4ce0-9f01-bec5fd504883', NULL),
(38, '/2014/01/17/4525fe90-e5ee-4183-8411-a39523c080b2.bin100x100-slide_1_car.jpg', 27.00, 'cmis:thumbnail', 1143.00, 'image/jpeg', 70, NULL, '100x100-slide_1_car.jpg', 100.00, '4525fe90-e5ee-4183-8411-a39523c080b2', 'sid-85a139e4-4080-4206-9664-02349d03257a', NULL),
(39, '/2014/01/17/2882d26b-6fd3-48bb-8733-794301a01b2d.bin100x100-slide_car.jpg', 24.00, 'cmis:thumbnail', 1070.00, 'image/jpeg', 71, NULL, '100x100-slide_car.jpg', 100.00, '2882d26b-6fd3-48bb-8733-794301a01b2d', 'sid-551abcf5-1ed1-4c1a-a93b-933ce3eb4bb2', NULL),
(40, '/2014/01/17/22b63ca7-dc0f-4d62-ae40-16c83b9d9e87.bin100x100-slide_greek.jpg', 24.00, 'cmis:thumbnail', 1078.00, 'image/jpeg', 72, NULL, '100x100-slide_greek.jpg', 100.00, '22b63ca7-dc0f-4d62-ae40-16c83b9d9e87', 'sid-aa9ce176-9595-482d-99b5-41b918b82e10', NULL),
(41, '/2014/01/17/80182b5d-fc5c-4114-878d-45530ceb31bd.bin100x100-slide_new_york.jpg', 24.00, 'cmis:thumbnail', 1104.00, 'image/jpeg', 73, NULL, '100x100-slide_new_york.jpg', 100.00, '80182b5d-fc5c-4114-878d-45530ceb31bd', 'sid-86f022de-2214-4d2d-9f8b-7481e2ab4ace', NULL),
(65, '/2014/01/17/76ffa65a-7a66-4f7f-921d-26d3977a3fa9.bin100x100-backbase-logo.png', 8.00, 'cmis:thumbnail', 1112.00, 'image/png', 97, NULL, '100x100-backbase-logo.png', 100.00, '76ffa65a-7a66-4f7f-921d-26d3977a3fa9', 'sid-29938ce7-a980-4484-aeab-7f67366b6f95', NULL);               
CREATE INDEX PUBLIC.FK_RND_IDX_OBJECT_DATA_ID ON PUBLIC.RENDITION(OBJECT_DATA_ID);            
ALTER TABLE PUBLIC.OBJECT_TYPE_DEFINITION ADD CONSTRAINT PUBLIC.UK_MH6A3UQ00W5DT5NCRB1BSSF9I UNIQUE(OBJECTID);
ALTER TABLE PUBLIC.OBJECT_DATA ADD CONSTRAINT PUBLIC.UK_9QXIOE1WRRD5D48CW062JC161 UNIQUE(OBJECTID);           
ALTER TABLE PUBLIC.RENDITION ADD CONSTRAINT PUBLIC.FK_L7RL4ULHH823P0T9OSWG761C9 FOREIGN KEY(CS_ID) REFERENCES PUBLIC.CONTENT_STREAM(ID) NOCHECK;              
ALTER TABLE PUBLIC.OBJECT_DATA ADD CONSTRAINT PUBLIC.FK_MHP750ONSG14DEQSC5MKP4DX FOREIGN KEY(PARENT_ID) REFERENCES PUBLIC.OBJECT_DATA(ID) NOCHECK;            
ALTER TABLE PUBLIC.OBJECT_TYPE_DEFINITION ADD CONSTRAINT PUBLIC.FK_83A12DVJDI2PSDS4T3PFRWBFB FOREIGN KEY(PARENT_ID) REFERENCES PUBLIC.OBJECT_TYPE_DEFINITION(ID) NOCHECK;     
ALTER TABLE PUBLIC.OBJECT_DATA ADD CONSTRAINT PUBLIC.FK_354Y502CT1JU7TG6V1RLFPWGO FOREIGN KEY(OBJECT_TYPE_ID) REFERENCES PUBLIC.OBJECT_TYPE_DEFINITION(ID) NOCHECK;           
ALTER TABLE PUBLIC.PROPERTY_DATA ADD CONSTRAINT PUBLIC.FK_R5PFQ0QMO565NB85Q01Q6R5OG FOREIGN KEY(OBJECT_DATA_ID) REFERENCES PUBLIC.OBJECT_DATA(ID) NOCHECK;    
ALTER TABLE PUBLIC.PROPERTY_DATA ADD CONSTRAINT PUBLIC.FK_C2YSHJU50DY6NUTODTEOGO28T FOREIGN KEY(PROPERTY_DEFINITION_ID) REFERENCES PUBLIC.PROPERTY_DEFINITION(ID) NOCHECK;    
ALTER TABLE PUBLIC.PROPERTY_DEFINITION ADD CONSTRAINT PUBLIC.FK_S6SCXSPSKRPJULQSJ4U98US2G FOREIGN KEY(OBJECT_TYPE_ID) REFERENCES PUBLIC.OBJECT_TYPE_DEFINITION(ID) NOCHECK;   
ALTER TABLE PUBLIC.OBJECT_DATA ADD CONSTRAINT PUBLIC.FK_I6HWFPQ7PPVKTIIM2THPQXIAC FOREIGN KEY(CS_ID) REFERENCES PUBLIC.CONTENT_STREAM(ID) NOCHECK;            
ALTER TABLE PUBLIC.RENDITION ADD CONSTRAINT PUBLIC.FK_AW8VTQ9LH7EHWFU0OC30Q0HQN FOREIGN KEY(OBJECT_DATA_ID) REFERENCES PUBLIC.OBJECT_DATA(ID) NOCHECK;        
